{
"type": "FeatureCollection",
"name": "FAZENDAS",
"crs": { "type": "name", "properties": { "name": "urn:ogc:def:crs:OGC:1.3:CRS84" } },
"features": [
{ "type": "Feature", "properties": { "Name": "5878 - NOVO BALÃO", "description": "Northing:7981518.99727433\nEasting:396790.977093478\nDescription:", "timestamp": "2021-06-10T14:13:56-03:00", "begin": null, "end": null, "altitudeMode": null, "tessellate": -1, "extrude": 0, "visibility": -1, "drawOrder": null, "icon": null, "pdfmaps_photos": null, "Photo Name": null, "Photo Date": null, "Photo Timestamp": null, "Photo Location": null, "Photo Altitude": null, "Photo Orientation": null, "Device Type": null }, "geometry": { "type": "Point", "coordinates": [ -39.9762985627993, -18.253259570046499, 0.0 ] } },
{ "type": "Feature", "properties": { "Name": "7935 - Faz. Santa Rita", "description": null, "timestamp": "2022-02-02T11:49:22-03:00", "begin": null, "end": null, "altitudeMode": null, "tessellate": -1, "extrude": 0, "visibility": -1, "drawOrder": null, "icon": null, "pdfmaps_photos": null, "Photo Name": null, "Photo Date": null, "Photo Timestamp": null, "Photo Location": null, "Photo Altitude": null, "Photo Orientation": null, "Device Type": null }, "geometry": { "type": "Point", "coordinates": [ -40.254094134081598, -18.086407648021702, 0.0 ] } },
{ "type": "Feature", "properties": { "Name": "9003 - Faz. Olhos d'água", "description": null, "timestamp": "2024-04-11T21:20:47-03:00", "begin": null, "end": null, "altitudeMode": null, "tessellate": -1, "extrude": 0, "visibility": -1, "drawOrder": null, "icon": null, "pdfmaps_photos": null, "Photo Name": null, "Photo Date": null, "Photo Timestamp": null, "Photo Location": null, "Photo Altitude": null, "Photo Orientation": null, "Device Type": null }, "geometry": { "type": "Point", "coordinates": [ -40.312847022664201, -17.965755594192899, 0.0 ] } },
{ "type": "Feature", "properties": { "Name": "9013 - Faz. Planalto", "description": null, "timestamp": "2024-04-11T21:19:13-03:00", "begin": null, "end": null, "altitudeMode": null, "tessellate": -1, "extrude": 0, "visibility": -1, "drawOrder": null, "icon": null, "pdfmaps_photos": null, "Photo Name": null, "Photo Date": null, "Photo Timestamp": null, "Photo Location": null, "Photo Altitude": null, "Photo Orientation": null, "Device Type": null }, "geometry": { "type": "Point", "coordinates": [ -40.239095514395999, -17.9713962791675, 0.0 ] } },
{ "type": "Feature", "properties": { "Name": "9014 - Faz. Retirada da Lacuna", "description": null, "timestamp": "2024-06-19T08:38:27-03:00", "begin": null, "end": null, "altitudeMode": null, "tessellate": -1, "extrude": 0, "visibility": -1, "drawOrder": null, "icon": null, "pdfmaps_photos": null, "Photo Name": null, "Photo Date": null, "Photo Timestamp": null, "Photo Location": null, "Photo Altitude": null, "Photo Orientation": null, "Device Type": null }, "geometry": { "type": "Point", "coordinates": [ -40.223954236867698, -17.940514329589, 0.0 ] } },
{ "type": "Feature", "properties": { "Name": "9017 - Faz. Bela Vista V", "description": null, "timestamp": "2024-06-19T08:33:53-03:00", "begin": null, "end": null, "altitudeMode": null, "tessellate": -1, "extrude": 0, "visibility": -1, "drawOrder": null, "icon": null, "pdfmaps_photos": null, "Photo Name": null, "Photo Date": null, "Photo Timestamp": null, "Photo Location": null, "Photo Altitude": null, "Photo Orientation": null, "Device Type": null }, "geometry": { "type": "Point", "coordinates": [ -40.4469949464265, -17.8740271320757, 0.0 ] } },
{ "type": "Feature", "properties": { "Name": "9019 - Faz. Bela Vista X", "description": null, "timestamp": "2024-06-19T08:36:50-03:00", "begin": null, "end": null, "altitudeMode": null, "tessellate": -1, "extrude": 0, "visibility": -1, "drawOrder": null, "icon": null, "pdfmaps_photos": null, "Photo Name": null, "Photo Date": null, "Photo Timestamp": null, "Photo Location": null, "Photo Altitude": null, "Photo Orientation": null, "Device Type": null }, "geometry": { "type": "Point", "coordinates": [ -40.435058969522103, -17.882522016920401, 0.0 ] } },
{ "type": "Feature", "properties": { "Name": "9019 - Faz. Limeira", "description": null, "timestamp": "2024-06-19T08:34:39-03:00", "begin": null, "end": null, "altitudeMode": null, "tessellate": -1, "extrude": 0, "visibility": -1, "drawOrder": null, "icon": null, "pdfmaps_photos": null, "Photo Name": null, "Photo Date": null, "Photo Timestamp": null, "Photo Location": null, "Photo Altitude": null, "Photo Orientation": null, "Device Type": null }, "geometry": { "type": "Point", "coordinates": [ -40.433045838904, -17.859596791223101, 0.0 ] } },
{ "type": "Feature", "properties": { "Name": "9020 - Faz. Vale das Pedras", "description": null, "timestamp": "2024-06-19T08:35:10-03:00", "begin": null, "end": null, "altitudeMode": null, "tessellate": -1, "extrude": 0, "visibility": -1, "drawOrder": null, "icon": null, "pdfmaps_photos": null, "Photo Name": null, "Photo Date": null, "Photo Timestamp": null, "Photo Location": null, "Photo Altitude": null, "Photo Orientation": null, "Device Type": null }, "geometry": { "type": "Point", "coordinates": [ -40.427350290842, -17.861653295049699, 0.0 ] } },
{ "type": "Feature", "properties": { "Name": "9021 - Faz. Bambu", "description": null, "timestamp": "2024-04-11T21:20:17-03:00", "begin": null, "end": null, "altitudeMode": null, "tessellate": -1, "extrude": 0, "visibility": -1, "drawOrder": null, "icon": null, "pdfmaps_photos": null, "Photo Name": null, "Photo Date": null, "Photo Timestamp": null, "Photo Location": null, "Photo Altitude": null, "Photo Orientation": null, "Device Type": null }, "geometry": { "type": "Point", "coordinates": [ -40.321271761349799, -18.049966013372401, 0.0 ] } },
{ "type": "Feature", "properties": { "Name": "9028 - Faz. Bom Sucesso", "description": null, "timestamp": "2024-04-11T21:21:25-03:00", "begin": null, "end": null, "altitudeMode": null, "tessellate": -1, "extrude": 0, "visibility": -1, "drawOrder": null, "icon": null, "pdfmaps_photos": null, "Photo Name": null, "Photo Date": null, "Photo Timestamp": null, "Photo Location": null, "Photo Altitude": null, "Photo Orientation": null, "Device Type": null }, "geometry": { "type": "Point", "coordinates": [ -40.412731139439998, -17.985124294716101, 0.0 ] } },
{ "type": "Feature", "properties": { "Name": "9963 - Faz. São Geraldo", "description": null, "timestamp": "2024-04-11T21:22:17-03:00", "begin": null, "end": null, "altitudeMode": null, "tessellate": -1, "extrude": 0, "visibility": -1, "drawOrder": null, "icon": null, "pdfmaps_photos": null, "Photo Name": null, "Photo Date": null, "Photo Timestamp": null, "Photo Location": null, "Photo Altitude": null, "Photo Orientation": null, "Device Type": null }, "geometry": { "type": "Point", "coordinates": [ -40.282102222729797, -18.0851872336886, 0.0 ] } },
{ "type": "Feature", "properties": { "Name": "9967 - Faz. Gleba de Terras", "description": null, "timestamp": "2024-06-19T08:39:28-03:00", "begin": null, "end": null, "altitudeMode": null, "tessellate": -1, "extrude": 0, "visibility": -1, "drawOrder": null, "icon": null, "pdfmaps_photos": null, "Photo Name": null, "Photo Date": null, "Photo Timestamp": null, "Photo Location": null, "Photo Altitude": null, "Photo Orientation": null, "Device Type": null }, "geometry": { "type": "Point", "coordinates": [ -40.232289137468101, -17.9230982340686, 0.0 ] } },
{ "type": "Feature", "properties": { "Name": "9989 - Faz. São Jorge", "description": null, "timestamp": "2024-06-19T08:40:07-03:00", "begin": null, "end": null, "altitudeMode": null, "tessellate": -1, "extrude": 0, "visibility": -1, "drawOrder": null, "icon": null, "pdfmaps_photos": null, "Photo Name": null, "Photo Date": null, "Photo Timestamp": null, "Photo Location": null, "Photo Altitude": null, "Photo Orientation": null, "Device Type": null }, "geometry": { "type": "Point", "coordinates": [ -40.234181023075102, -17.909322272870401, 0.0 ] } },
{ "type": "Feature", "properties": { "Name": "ABC - 7579", "description": null, "timestamp": "2021-07-22T12:59:14-03:00", "begin": null, "end": null, "altitudeMode": null, "tessellate": -1, "extrude": 0, "visibility": -1, "drawOrder": null, "icon": null, "pdfmaps_photos": null, "Photo Name": null, "Photo Date": null, "Photo Timestamp": null, "Photo Location": null, "Photo Altitude": null, "Photo Orientation": null, "Device Type": null }, "geometry": { "type": "Point", "coordinates": [ -40.0741022893219, -18.176647951509199, 0.0 ] } },
{ "type": "Feature", "properties": { "Name": "AGUIAR - 809", "description": null, "timestamp": "2021-07-23T12:24:04-03:00", "begin": null, "end": null, "altitudeMode": null, "tessellate": -1, "extrude": 0, "visibility": -1, "drawOrder": null, "icon": null, "pdfmaps_photos": null, "Photo Name": null, "Photo Date": null, "Photo Timestamp": null, "Photo Location": null, "Photo Altitude": null, "Photo Orientation": null, "Device Type": null }, "geometry": { "type": "Point", "coordinates": [ -39.997328524968097, -18.519016350926702, 0.0 ] } },
{ "type": "Feature", "properties": { "Name": "ALCANA - 6301", "description": null, "timestamp": "2021-07-22T13:11:25-03:00", "begin": null, "end": null, "altitudeMode": null, "tessellate": -1, "extrude": 0, "visibility": -1, "drawOrder": null, "icon": null, "pdfmaps_photos": null, "Photo Name": null, "Photo Date": null, "Photo Timestamp": null, "Photo Location": null, "Photo Altitude": null, "Photo Orientation": null, "Device Type": null }, "geometry": { "type": "Point", "coordinates": [ -40.277716530074898, -17.940497228675, 0.0 ] } },
{ "type": "Feature", "properties": { "Name": "ALVORADA --5592", "description": null, "timestamp": "2021-07-26T14:38:39-03:00", "begin": null, "end": null, "altitudeMode": null, "tessellate": -1, "extrude": 0, "visibility": -1, "drawOrder": null, "icon": null, "pdfmaps_photos": null, "Photo Name": null, "Photo Date": null, "Photo Timestamp": null, "Photo Location": null, "Photo Altitude": null, "Photo Orientation": null, "Device Type": null }, "geometry": { "type": "Point", "coordinates": [ -40.123271873863899, -18.115928714181099, 0.0 ] } },
{ "type": "Feature", "properties": { "Name": "AMERICA - 9873", "description": null, "timestamp": "2021-07-22T13:12:19-03:00", "begin": null, "end": null, "altitudeMode": null, "tessellate": -1, "extrude": 0, "visibility": -1, "drawOrder": null, "icon": null, "pdfmaps_photos": null, "Photo Name": null, "Photo Date": null, "Photo Timestamp": null, "Photo Location": null, "Photo Altitude": null, "Photo Orientation": null, "Device Type": null }, "geometry": { "type": "Point", "coordinates": [ -40.264709289404699, -17.9482548724061, 0.0 ] } },
{ "type": "Feature", "properties": { "Name": "ANGELIM - 388", "description": null, "timestamp": "2021-07-23T12:40:04-03:00", "begin": null, "end": null, "altitudeMode": null, "tessellate": -1, "extrude": 0, "visibility": -1, "drawOrder": null, "icon": null, "pdfmaps_photos": null, "Photo Name": null, "Photo Date": null, "Photo Timestamp": null, "Photo Location": null, "Photo Altitude": null, "Photo Orientation": null, "Device Type": null }, "geometry": { "type": "Point", "coordinates": [ -39.990349929637603, -18.510958552129299, 0.0 ] } },
{ "type": "Feature", "properties": { "Name": "AQUARIO - 5606", "description": "Northing:7993762.04416598\nEasting:395698.123114111\nDescription:", "timestamp": "2021-06-10T13:12:36-03:00", "begin": null, "end": null, "altitudeMode": null, "tessellate": -1, "extrude": 0, "visibility": -1, "drawOrder": null, "icon": null, "pdfmaps_photos": null, "Photo Name": null, "Photo Date": null, "Photo Timestamp": null, "Photo Location": null, "Photo Altitude": null, "Photo Orientation": null, "Device Type": null }, "geometry": { "type": "Point", "coordinates": [ -39.986012799416898, -18.1425648392926, 0.0 ] } },
{ "type": "Feature", "properties": { "Name": "AREA 7 - 9806", "description": null, "timestamp": "2021-07-22T12:25:24-03:00", "begin": null, "end": null, "altitudeMode": null, "tessellate": -1, "extrude": 0, "visibility": -1, "drawOrder": null, "icon": null, "pdfmaps_photos": null, "Photo Name": null, "Photo Date": null, "Photo Timestamp": null, "Photo Location": null, "Photo Altitude": null, "Photo Orientation": null, "Device Type": null }, "geometry": { "type": "Point", "coordinates": [ -39.967065274127201, -18.2636017751331, 0.0 ] } },
{ "type": "Feature", "properties": { "Name": "AREA DA DESTILARIA - 6114", "description": "Northing:8001428.9115496\nEasting:383296.256472359\nDescription:", "timestamp": "2021-06-10T12:46:08-03:00", "begin": null, "end": null, "altitudeMode": null, "tessellate": -1, "extrude": 0, "visibility": -1, "drawOrder": null, "icon": null, "pdfmaps_photos": null, "Photo Name": null, "Photo Date": null, "Photo Timestamp": null, "Photo Location": null, "Photo Altitude": null, "Photo Orientation": null, "Device Type": null }, "geometry": { "type": "Point", "coordinates": [ -40.102804564921001, -18.072644133165401, 0.0 ] } },
{ "type": "Feature", "properties": { "Name": "ATALAIA - 4448", "description": "Northing:7976026.19614833\nEasting:395461.042285654\nDescription:", "timestamp": "2021-06-10T14:19:48-03:00", "begin": null, "end": null, "altitudeMode": null, "tessellate": -1, "extrude": 0, "visibility": -1, "drawOrder": null, "icon": null, "pdfmaps_photos": null, "Photo Name": null, "Photo Date": null, "Photo Timestamp": null, "Photo Location": null, "Photo Altitude": null, "Photo Orientation": null, "Device Type": null }, "geometry": { "type": "Point", "coordinates": [ -39.989158946664602, -18.3028335868954, 0.0 ] } },
{ "type": "Feature", "properties": { "Name": "BARRA MANSA - 9822", "description": null, "timestamp": "2021-07-22T13:00:01-03:00", "begin": null, "end": null, "altitudeMode": null, "tessellate": -1, "extrude": 0, "visibility": -1, "drawOrder": null, "icon": null, "pdfmaps_photos": null, "Photo Name": null, "Photo Date": null, "Photo Timestamp": null, "Photo Location": null, "Photo Altitude": null, "Photo Orientation": null, "Device Type": null }, "geometry": { "type": "Point", "coordinates": [ -40.051709347755398, -18.210497421424598, 0.0 ] } },
{ "type": "Feature", "properties": { "Name": "BELA VISTA - 6769", "description": null, "timestamp": "2021-07-26T14:32:18-03:00", "begin": null, "end": null, "altitudeMode": null, "tessellate": -1, "extrude": 0, "visibility": -1, "drawOrder": null, "icon": null, "pdfmaps_photos": null, "Photo Name": null, "Photo Date": null, "Photo Timestamp": null, "Photo Location": null, "Photo Altitude": null, "Photo Orientation": null, "Device Type": null }, "geometry": { "type": "Point", "coordinates": [ -40.180624919417902, -18.4502777347125, 0.0 ] } },
{ "type": "Feature", "properties": { "Name": "BELA VISTA - 8079", "description": null, "timestamp": "2021-07-22T12:40:01-03:00", "begin": null, "end": null, "altitudeMode": null, "tessellate": -1, "extrude": 0, "visibility": -1, "drawOrder": null, "icon": null, "pdfmaps_photos": null, "Photo Name": null, "Photo Date": null, "Photo Timestamp": null, "Photo Location": null, "Photo Altitude": null, "Photo Orientation": null, "Device Type": null }, "geometry": { "type": "Point", "coordinates": [ -40.197593178513401, -17.947477511555199, 0.0 ] } },
{ "type": "Feature", "properties": { "Name": "BELA VISTA II - 7501", "description": null, "timestamp": "2021-07-23T16:28:35-03:00", "begin": null, "end": null, "altitudeMode": null, "tessellate": -1, "extrude": 0, "visibility": -1, "drawOrder": null, "icon": null, "pdfmaps_photos": null, "Photo Name": null, "Photo Date": null, "Photo Timestamp": null, "Photo Location": null, "Photo Altitude": null, "Photo Orientation": null, "Device Type": null }, "geometry": { "type": "Point", "coordinates": [ -40.148026477967797, -18.155453367476699, 0.0 ] } },
{ "type": "Feature", "properties": { "Name": "BELA VISTA-6254", "description": "Northing:7971019.18182702\nEasting:389753.461044222\nDescription:", "timestamp": "2021-06-10T12:28:50-03:00", "begin": null, "end": null, "altitudeMode": null, "tessellate": -1, "extrude": 0, "visibility": -1, "drawOrder": null, "icon": null, "pdfmaps_photos": null, "Photo Name": null, "Photo Date": null, "Photo Timestamp": null, "Photo Location": null, "Photo Altitude": null, "Photo Orientation": null, "Device Type": null }, "geometry": { "type": "Point", "coordinates": [ -40.043429547396201, -18.347793811316102, 0.0 ] } },
{ "type": "Feature", "properties": { "Name": "BOA LEMBRANÇA - 5398", "description": null, "timestamp": "2021-07-23T12:35:31-03:00", "begin": null, "end": null, "altitudeMode": null, "tessellate": -1, "extrude": 0, "visibility": -1, "drawOrder": null, "icon": null, "pdfmaps_photos": null, "Photo Name": null, "Photo Date": null, "Photo Timestamp": null, "Photo Location": null, "Photo Altitude": null, "Photo Orientation": null, "Device Type": null }, "geometry": { "type": "Point", "coordinates": [ -40.091654997264897, -18.1466476829853, 0.0 ] } },
{ "type": "Feature", "properties": { "Name": "BOA SORTE II - 7145", "description": null, "timestamp": "2021-07-26T14:38:00-03:00", "begin": null, "end": null, "altitudeMode": null, "tessellate": -1, "extrude": 0, "visibility": -1, "drawOrder": null, "icon": null, "pdfmaps_photos": null, "Photo Name": null, "Photo Date": null, "Photo Timestamp": null, "Photo Location": null, "Photo Altitude": null, "Photo Orientation": null, "Device Type": null }, "geometry": { "type": "Point", "coordinates": [ -40.116951013306299, -18.1168436022297, 0.0 ] } },
{ "type": "Feature", "properties": { "Name": "BOA VISTA - 2453", "description": "Northing:7983898.20197899\nEasting:397442.539239985\nDescription:", "timestamp": "2021-06-10T13:39:51-03:00", "begin": null, "end": null, "altitudeMode": null, "tessellate": -1, "extrude": 0, "visibility": -1, "drawOrder": null, "icon": null, "pdfmaps_photos": null, "Photo Name": null, "Photo Date": null, "Photo Timestamp": null, "Photo Location": null, "Photo Altitude": null, "Photo Orientation": null, "Device Type": null }, "geometry": { "type": "Point", "coordinates": [ -39.970016532981397, -18.231789765657201, 0.0 ] } },
{ "type": "Feature", "properties": { "Name": "BOA VISTA - 8206", "description": null, "timestamp": "2021-07-26T14:40:42-03:00", "begin": null, "end": null, "altitudeMode": null, "tessellate": -1, "extrude": 0, "visibility": -1, "drawOrder": null, "icon": null, "pdfmaps_photos": null, "Photo Name": null, "Photo Date": null, "Photo Timestamp": null, "Photo Location": null, "Photo Altitude": null, "Photo Orientation": null, "Device Type": null }, "geometry": { "type": "Point", "coordinates": [ -40.1204286217896, -18.1024965351608, 0.0 ] } },
{ "type": "Feature", "properties": { "Name": "BOAPABA - 6467", "description": null, "timestamp": "2021-07-26T09:45:53-03:00", "begin": null, "end": null, "altitudeMode": null, "tessellate": -1, "extrude": 0, "visibility": -1, "drawOrder": null, "icon": null, "pdfmaps_photos": null, "Photo Name": null, "Photo Date": null, "Photo Timestamp": null, "Photo Location": null, "Photo Altitude": null, "Photo Orientation": null, "Device Type": null }, "geometry": { "type": "Point", "coordinates": [ -40.074735345451799, -18.522258965719399, 0.0 ] } },
{ "type": "Feature", "properties": { "Name": "BOM JESUS - 8001", "description": null, "timestamp": "2021-07-23T12:33:01-03:00", "begin": null, "end": null, "altitudeMode": null, "tessellate": -1, "extrude": 0, "visibility": -1, "drawOrder": null, "icon": null, "pdfmaps_photos": null, "Photo Name": null, "Photo Date": null, "Photo Timestamp": null, "Photo Location": null, "Photo Altitude": null, "Photo Orientation": null, "Device Type": null }, "geometry": { "type": "Point", "coordinates": [ -40.122742991079498, -18.057585478635801, 0.0 ] } },
{ "type": "Feature", "properties": { "Name": "BOM RECANTO - 7978", "description": null, "timestamp": "2021-07-22T11:59:16-03:00", "begin": null, "end": null, "altitudeMode": null, "tessellate": -1, "extrude": 0, "visibility": -1, "drawOrder": null, "icon": null, "pdfmaps_photos": null, "Photo Name": null, "Photo Date": null, "Photo Timestamp": null, "Photo Location": null, "Photo Altitude": null, "Photo Orientation": null, "Device Type": null }, "geometry": { "type": "Point", "coordinates": [ -40.123511483110498, -18.178617074931601, 0.0 ] } },
{ "type": "Feature", "properties": { "Name": "BOM RECANTO - 9351", "description": null, "timestamp": "2021-07-22T12:00:04-03:00", "begin": null, "end": null, "altitudeMode": null, "tessellate": -1, "extrude": 0, "visibility": -1, "drawOrder": null, "icon": null, "pdfmaps_photos": null, "Photo Name": null, "Photo Date": null, "Photo Timestamp": null, "Photo Location": null, "Photo Altitude": null, "Photo Orientation": null, "Device Type": null }, "geometry": { "type": "Point", "coordinates": [ -40.121127180720798, -18.168758350111499, 0.0 ] } },
{ "type": "Feature", "properties": { "Name": "BOM RETIRO - 3042", "description": null, "timestamp": "2021-07-26T14:34:51-03:00", "begin": null, "end": null, "altitudeMode": null, "tessellate": -1, "extrude": 0, "visibility": -1, "drawOrder": null, "icon": null, "pdfmaps_photos": null, "Photo Name": null, "Photo Date": null, "Photo Timestamp": null, "Photo Location": null, "Photo Altitude": null, "Photo Orientation": null, "Device Type": null }, "geometry": { "type": "Point", "coordinates": [ -40.227010960041603, -18.442933106189201, 0.0 ] } },
{ "type": "Feature", "properties": { "Name": "BORDA DO MATO - 9431", "description": null, "timestamp": "2021-07-26T14:39:03-03:00", "begin": null, "end": null, "altitudeMode": null, "tessellate": -1, "extrude": 0, "visibility": -1, "drawOrder": null, "icon": null, "pdfmaps_photos": null, "Photo Name": null, "Photo Date": null, "Photo Timestamp": null, "Photo Location": null, "Photo Altitude": null, "Photo Orientation": null, "Device Type": null }, "geometry": { "type": "Point", "coordinates": [ -40.124350399027399, -18.109043590314101, 0.0 ] } },
{ "type": "Feature", "properties": { "Name": "Braço do Rio", "description": null, "timestamp": "2024-05-01T17:26:48-03:00", "begin": null, "end": null, "altitudeMode": null, "tessellate": -1, "extrude": 0, "visibility": -1, "drawOrder": null, "icon": null, "pdfmaps_photos": null, "Photo Name": null, "Photo Date": null, "Photo Timestamp": null, "Photo Location": null, "Photo Altitude": null, "Photo Orientation": null, "Device Type": null }, "geometry": { "type": "Point", "coordinates": [ -39.934475472066303, -18.430163038497501, 48.173877716064503 ] } },
{ "type": "Feature", "properties": { "Name": "BUENA SORTE - 4003", "description": null, "timestamp": "2021-07-26T14:35:56-03:00", "begin": null, "end": null, "altitudeMode": null, "tessellate": -1, "extrude": 0, "visibility": -1, "drawOrder": null, "icon": null, "pdfmaps_photos": null, "Photo Name": null, "Photo Date": null, "Photo Timestamp": null, "Photo Location": null, "Photo Altitude": null, "Photo Orientation": null, "Device Type": null }, "geometry": { "type": "Point", "coordinates": [ -40.316532816193899, -18.435965234597798, 0.0 ] } },
{ "type": "Feature", "properties": { "Name": "BUENA SORTE - 9733", "description": null, "timestamp": "2021-07-26T14:35:25-03:00", "begin": null, "end": null, "altitudeMode": null, "tessellate": -1, "extrude": 0, "visibility": -1, "drawOrder": null, "icon": null, "pdfmaps_photos": null, "Photo Name": null, "Photo Date": null, "Photo Timestamp": null, "Photo Location": null, "Photo Altitude": null, "Photo Orientation": null, "Device Type": null }, "geometry": { "type": "Point", "coordinates": [ -40.319118692416197, -18.448043063310902, 0.0 ] } },
{ "type": "Feature", "properties": { "Name": "CACHOEIRA - 5461", "description": null, "timestamp": "2021-07-22T12:54:15-03:00", "begin": null, "end": null, "altitudeMode": null, "tessellate": -1, "extrude": 0, "visibility": -1, "drawOrder": null, "icon": null, "pdfmaps_photos": null, "Photo Name": null, "Photo Date": null, "Photo Timestamp": null, "Photo Location": null, "Photo Altitude": null, "Photo Orientation": null, "Device Type": null }, "geometry": { "type": "Point", "coordinates": [ -40.080174807881903, -18.1108117279921, 0.0 ] } },
{ "type": "Feature", "properties": { "Name": "CACHOEIRA - 6751", "description": null, "timestamp": "2021-07-22T12:53:00-03:00", "begin": null, "end": null, "altitudeMode": null, "tessellate": -1, "extrude": 0, "visibility": -1, "drawOrder": null, "icon": null, "pdfmaps_photos": null, "Photo Name": null, "Photo Date": null, "Photo Timestamp": null, "Photo Location": null, "Photo Altitude": null, "Photo Orientation": null, "Device Type": null }, "geometry": { "type": "Point", "coordinates": [ -40.0942329409027, -18.1030160621203, 0.0 ] } },
{ "type": "Feature", "properties": { "Name": "CAFELÂNDIA - 7854", "description": null, "timestamp": "2021-07-23T16:41:11-03:00", "begin": null, "end": null, "altitudeMode": null, "tessellate": -1, "extrude": 0, "visibility": -1, "drawOrder": null, "icon": null, "pdfmaps_photos": null, "Photo Name": null, "Photo Date": null, "Photo Timestamp": null, "Photo Location": null, "Photo Altitude": null, "Photo Orientation": null, "Device Type": null }, "geometry": { "type": "Point", "coordinates": [ -40.134995135690701, -18.092230761768501, 0.0 ] } },
{ "type": "Feature", "properties": { "Name": "CAFELÂNDIA - 9555", "description": null, "timestamp": "2021-07-23T16:40:42-03:00", "begin": null, "end": null, "altitudeMode": null, "tessellate": -1, "extrude": 0, "visibility": -1, "drawOrder": null, "icon": null, "pdfmaps_photos": null, "Photo Name": null, "Photo Date": null, "Photo Timestamp": null, "Photo Location": null, "Photo Altitude": null, "Photo Orientation": null, "Device Type": null }, "geometry": { "type": "Point", "coordinates": [ -40.141586573073603, -18.09596451569, 0.0 ] } },
{ "type": "Feature", "properties": { "Name": "CAJARANA - 1911", "description": "Northing:7985089.99558861\nEasting:396352.068903896\nDescription:", "timestamp": "2021-06-10T13:33:19-03:00", "begin": null, "end": null, "altitudeMode": null, "tessellate": -1, "extrude": 0, "visibility": -1, "drawOrder": null, "icon": null, "pdfmaps_photos": null, "Photo Name": null, "Photo Date": null, "Photo Timestamp": null, "Photo Location": null, "Photo Altitude": null, "Photo Orientation": null, "Device Type": null }, "geometry": { "type": "Point", "coordinates": [ -39.980269075516901, -18.220966930138999, 0.0 ] } },
{ "type": "Feature", "properties": { "Name": "CAMPO VERDE - 9636", "description": null, "timestamp": "2021-07-22T12:42:25-03:00", "begin": null, "end": null, "altitudeMode": null, "tessellate": -1, "extrude": 0, "visibility": -1, "drawOrder": null, "icon": null, "pdfmaps_photos": null, "Photo Name": null, "Photo Date": null, "Photo Timestamp": null, "Photo Location": null, "Photo Altitude": null, "Photo Orientation": null, "Device Type": null }, "geometry": { "type": "Point", "coordinates": [ -40.130084704474598, -18.040727955471699, 0.0 ] } },
{ "type": "Feature", "properties": { "Name": "CAMPONESA - 4821", "description": null, "timestamp": "2021-07-22T12:47:47-03:00", "begin": null, "end": null, "altitudeMode": null, "tessellate": -1, "extrude": 0, "visibility": -1, "drawOrder": null, "icon": null, "pdfmaps_photos": null, "Photo Name": null, "Photo Date": null, "Photo Timestamp": null, "Photo Location": null, "Photo Altitude": null, "Photo Orientation": null, "Device Type": null }, "geometry": { "type": "Point", "coordinates": [ -40.093107770120703, -18.073025892125401, 0.0 ] } },
{ "type": "Feature", "properties": { "Name": "CAMPONESA - 6696", "description": "Northing:8002018.03170382\nEasting:383792.114715438\nDescription:", "timestamp": "2021-06-10T12:44:46-03:00", "begin": null, "end": null, "altitudeMode": null, "tessellate": -1, "extrude": 0, "visibility": -1, "drawOrder": null, "icon": null, "pdfmaps_photos": null, "Photo Name": null, "Photo Date": null, "Photo Timestamp": null, "Photo Location": null, "Photo Altitude": null, "Photo Orientation": null, "Device Type": null }, "geometry": { "type": "Point", "coordinates": [ -40.098086439367997, -18.0673470129381, 0.0 ] } },
{ "type": "Feature", "properties": { "Name": "CAMPONESA - 7773", "description": null, "timestamp": "2021-07-22T12:48:17-03:00", "begin": null, "end": null, "altitudeMode": null, "tessellate": -1, "extrude": 0, "visibility": -1, "drawOrder": null, "icon": null, "pdfmaps_photos": null, "Photo Name": null, "Photo Date": null, "Photo Timestamp": null, "Photo Location": null, "Photo Altitude": null, "Photo Orientation": null, "Device Type": null }, "geometry": { "type": "Point", "coordinates": [ -40.098329631826097, -18.0857782839531, 0.0 ] } },
{ "type": "Feature", "properties": { "Name": "CAMPONESA - 9385", "description": null, "timestamp": "2021-07-22T12:51:49-03:00", "begin": null, "end": null, "altitudeMode": null, "tessellate": -1, "extrude": 0, "visibility": -1, "drawOrder": null, "icon": null, "pdfmaps_photos": null, "Photo Name": null, "Photo Date": null, "Photo Timestamp": null, "Photo Location": null, "Photo Altitude": null, "Photo Orientation": null, "Device Type": null }, "geometry": { "type": "Point", "coordinates": [ -40.096872947784902, -18.096668965965101, 0.0 ] } },
{ "type": "Feature", "properties": { "Name": "CAMPONESA - 9512", "description": "Northing:8001090.16906949\nEasting:383999.942727438\nDescription:", "timestamp": "2021-06-10T12:45:32-03:00", "begin": null, "end": null, "altitudeMode": null, "tessellate": -1, "extrude": 0, "visibility": -1, "drawOrder": null, "icon": null, "pdfmaps_photos": null, "Photo Name": null, "Photo Date": null, "Photo Timestamp": null, "Photo Location": null, "Photo Altitude": null, "Photo Orientation": null, "Device Type": null }, "geometry": { "type": "Point", "coordinates": [ -40.0961749022579, -18.0757431784799, 0.0 ] } },
{ "type": "Feature", "properties": { "Name": "CANA LONGA - 4154", "description": "Northing:8000757.61265395\nEasting:392095.827332163\nDescription:", "timestamp": "2021-06-10T12:53:06-03:00", "begin": null, "end": null, "altitudeMode": null, "tessellate": -1, "extrude": 0, "visibility": -1, "drawOrder": null, "icon": null, "pdfmaps_photos": null, "Photo Name": null, "Photo Date": null, "Photo Timestamp": null, "Photo Location": null, "Photo Altitude": null, "Photo Orientation": null, "Device Type": null }, "geometry": { "type": "Point", "coordinates": [ -40.019697170007703, -18.079167735247498, 0.0 ] } },
{ "type": "Feature", "properties": { "Name": "CANA LONGA - 8681", "description": "Northing:7970084.76839592\nEasting:397342.999927064\nDescription:", "timestamp": "2021-06-10T14:36:35-03:00", "begin": null, "end": null, "altitudeMode": null, "tessellate": -1, "extrude": 0, "visibility": -1, "drawOrder": null, "icon": null, "pdfmaps_photos": null, "Photo Name": null, "Photo Date": null, "Photo Timestamp": null, "Photo Location": null, "Photo Altitude": null, "Photo Orientation": null, "Device Type": null }, "geometry": { "type": "Point", "coordinates": [ -39.973170655389801, -18.360116790677601, 0.0 ] } },
{ "type": "Feature", "properties": { "Name": "CANADA - 7293", "description": null, "timestamp": "2021-07-22T12:41:27-03:00", "begin": null, "end": null, "altitudeMode": null, "tessellate": -1, "extrude": 0, "visibility": -1, "drawOrder": null, "icon": null, "pdfmaps_photos": null, "Photo Name": null, "Photo Date": null, "Photo Timestamp": null, "Photo Location": null, "Photo Altitude": null, "Photo Orientation": null, "Device Type": null }, "geometry": { "type": "Point", "coordinates": [ -40.148789734425897, -18.003258048798202, 0.0 ] } },
{ "type": "Feature", "properties": { "Name": "CANADA - 8133", "description": "Northing:7951060.72001546\nEasting:402088.305902123\nDescription:", "timestamp": "2021-06-12T14:30:29-03:00", "begin": null, "end": null, "altitudeMode": null, "tessellate": -1, "extrude": 0, "visibility": -1, "drawOrder": null, "icon": null, "pdfmaps_photos": null, "Photo Name": null, "Photo Date": null, "Photo Timestamp": null, "Photo Location": null, "Photo Altitude": null, "Photo Orientation": null, "Device Type": null }, "geometry": { "type": "Point", "coordinates": [ -39.927665567715501, -18.5287625074196, 0.0 ] } },
{ "type": "Feature", "properties": { "Name": "CANADA III - 7315", "description": null, "timestamp": "2021-07-22T12:41:05-03:00", "begin": null, "end": null, "altitudeMode": null, "tessellate": -1, "extrude": 0, "visibility": -1, "drawOrder": null, "icon": null, "pdfmaps_photos": null, "Photo Name": null, "Photo Date": null, "Photo Timestamp": null, "Photo Location": null, "Photo Altitude": null, "Photo Orientation": null, "Device Type": null }, "geometry": { "type": "Point", "coordinates": [ -40.1659220588812, -17.985643356357201, 0.0 ] } },
{ "type": "Feature", "properties": { "Name": "CANADA IV - 7323", "description": null, "timestamp": "2021-07-22T12:40:24-03:00", "begin": null, "end": null, "altitudeMode": null, "tessellate": -1, "extrude": 0, "visibility": -1, "drawOrder": null, "icon": null, "pdfmaps_photos": null, "Photo Name": null, "Photo Date": null, "Photo Timestamp": null, "Photo Location": null, "Photo Altitude": null, "Photo Orientation": null, "Device Type": null }, "geometry": { "type": "Point", "coordinates": [ -40.163765386590804, -17.9626231207411, 0.0 ] } },
{ "type": "Feature", "properties": { "Name": "CANAVIEIRAS - 4162", "description": "Northing:7999711.6642431\nEasting:393381.553273795\nDescription:", "timestamp": "2021-06-10T12:56:22-03:00", "begin": null, "end": null, "altitudeMode": null, "tessellate": -1, "extrude": 0, "visibility": -1, "drawOrder": null, "icon": null, "pdfmaps_photos": null, "Photo Name": null, "Photo Date": null, "Photo Timestamp": null, "Photo Location": null, "Photo Altitude": null, "Photo Orientation": null, "Device Type": null }, "geometry": { "type": "Point", "coordinates": [ -40.0076023718374, -18.0886839320384, 0.0 ] } },
{ "type": "Feature", "properties": { "Name": "CANAÃ - 9601", "description": null, "timestamp": "2021-07-22T12:41:50-03:00", "begin": null, "end": null, "altitudeMode": null, "tessellate": -1, "extrude": 0, "visibility": -1, "drawOrder": null, "icon": null, "pdfmaps_photos": null, "Photo Name": null, "Photo Date": null, "Photo Timestamp": null, "Photo Location": null, "Photo Altitude": null, "Photo Orientation": null, "Device Type": null }, "geometry": { "type": "Point", "coordinates": [ -40.137155940675903, -18.017673035476701, 0.0 ] } },
{ "type": "Feature", "properties": { "Name": "CAPIXABA - 5266", "description": "Northing:7988534.45724156\nEasting:394345.644847487\nDescription:", "timestamp": "2021-06-10T13:21:41-03:00", "begin": null, "end": null, "altitudeMode": null, "tessellate": -1, "extrude": 0, "visibility": -1, "drawOrder": null, "icon": null, "pdfmaps_photos": null, "Photo Name": null, "Photo Date": null, "Photo Timestamp": null, "Photo Location": null, "Photo Altitude": null, "Photo Orientation": null, "Device Type": null }, "geometry": { "type": "Point", "coordinates": [ -39.999065625773703, -18.1897411542414, 0.0 ] } },
{ "type": "Feature", "properties": { "Name": "CHAPADAO - 8907", "description": null, "timestamp": "2021-07-22T11:55:22-03:00", "begin": null, "end": null, "altitudeMode": null, "tessellate": -1, "extrude": 0, "visibility": -1, "drawOrder": null, "icon": null, "pdfmaps_photos": null, "Photo Name": null, "Photo Date": null, "Photo Timestamp": null, "Photo Location": null, "Photo Altitude": null, "Photo Orientation": null, "Device Type": null }, "geometry": { "type": "Point", "coordinates": [ -40.005417099278397, -18.298219027170099, 0.0 ] } },
{ "type": "Feature", "properties": { "Name": "CIGANO - 1716", "description": null, "timestamp": "2021-07-23T12:44:09-03:00", "begin": null, "end": null, "altitudeMode": null, "tessellate": -1, "extrude": 0, "visibility": -1, "drawOrder": null, "icon": null, "pdfmaps_photos": null, "Photo Name": null, "Photo Date": null, "Photo Timestamp": null, "Photo Location": null, "Photo Altitude": null, "Photo Orientation": null, "Device Type": null }, "geometry": { "type": "Point", "coordinates": [ -40.025023789775098, -18.513518732274701, 0.0 ] } },
{ "type": "Feature", "properties": { "Name": "CINELÂNDIA - 3166", "description": "Northing:7999823.07190643\nEasting:391425.322548228\nDescription:", "timestamp": "2021-06-10T12:57:53-03:00", "begin": null, "end": null, "altitudeMode": null, "tessellate": -1, "extrude": 0, "visibility": -1, "drawOrder": null, "icon": null, "pdfmaps_photos": null, "Photo Name": null, "Photo Date": null, "Photo Timestamp": null, "Photo Location": null, "Photo Altitude": null, "Photo Orientation": null, "Device Type": null }, "geometry": { "type": "Point", "coordinates": [ -40.026081805002804, -18.087579704121602, 0.0 ] } },
{ "type": "Feature", "properties": { "Name": "CINELÂNDIA - 6874", "description": "Northing:8001329.18147519\nEasting:390083.520832952\nDescription:", "timestamp": "2021-06-10T12:50:56-03:00", "begin": null, "end": null, "altitudeMode": null, "tessellate": -1, "extrude": 0, "visibility": -1, "drawOrder": null, "icon": null, "pdfmaps_photos": null, "Photo Name": null, "Photo Date": null, "Photo Timestamp": null, "Photo Location": null, "Photo Altitude": null, "Photo Orientation": null, "Device Type": null }, "geometry": { "type": "Point", "coordinates": [ -40.0386808609463, -18.073901040046302, 0.0 ] } },
{ "type": "Feature", "properties": { "Name": "COLIBRI - 7862", "description": null, "timestamp": "2021-07-23T12:32:11-03:00", "begin": null, "end": null, "altitudeMode": null, "tessellate": -1, "extrude": 0, "visibility": -1, "drawOrder": null, "icon": null, "pdfmaps_photos": null, "Photo Name": null, "Photo Date": null, "Photo Timestamp": null, "Photo Location": null, "Photo Altitude": null, "Photo Orientation": null, "Device Type": null }, "geometry": { "type": "Point", "coordinates": [ -40.112552985964903, -18.0692510663599, 0.0 ] } },
{ "type": "Feature", "properties": { "Name": "COLORADO - 2305", "description": null, "timestamp": "2021-07-22T12:57:59-03:00", "begin": null, "end": null, "altitudeMode": null, "tessellate": -1, "extrude": 0, "visibility": -1, "drawOrder": null, "icon": null, "pdfmaps_photos": null, "Photo Name": null, "Photo Date": null, "Photo Timestamp": null, "Photo Location": null, "Photo Altitude": null, "Photo Orientation": null, "Device Type": null }, "geometry": { "type": "Point", "coordinates": [ -40.060115506151703, -18.183173165933301, 0.0 ] } },
{ "type": "Feature", "properties": { "Name": "COLORADO - 3930", "description": null, "timestamp": "2021-07-22T12:55:19-03:00", "begin": null, "end": null, "altitudeMode": null, "tessellate": -1, "extrude": 0, "visibility": -1, "drawOrder": null, "icon": null, "pdfmaps_photos": null, "Photo Name": null, "Photo Date": null, "Photo Timestamp": null, "Photo Location": null, "Photo Altitude": null, "Photo Orientation": null, "Device Type": null }, "geometry": { "type": "Point", "coordinates": [ -40.046968421929201, -18.141286351677, 0.0 ] } },
{ "type": "Feature", "properties": { "Name": "CORADINE I - 8770", "description": "Northing:7971792.21063494\nEasting:392171.477520552\nDescription:", "timestamp": "2021-06-10T12:31:24-03:00", "begin": null, "end": null, "altitudeMode": null, "tessellate": -1, "extrude": 0, "visibility": -1, "drawOrder": null, "icon": null, "pdfmaps_photos": null, "Photo Name": null, "Photo Date": null, "Photo Timestamp": null, "Photo Location": null, "Photo Altitude": null, "Photo Orientation": null, "Device Type": null }, "geometry": { "type": "Point", "coordinates": [ -40.020505895013201, -18.340931952224, 0.0 ] } },
{ "type": "Feature", "properties": { "Name": "CORADINE II - 8788", "description": null, "timestamp": "2021-07-26T08:19:24-03:00", "begin": null, "end": null, "altitudeMode": null, "tessellate": -1, "extrude": 0, "visibility": -1, "drawOrder": null, "icon": null, "pdfmaps_photos": null, "Photo Name": null, "Photo Date": null, "Photo Timestamp": null, "Photo Location": null, "Photo Altitude": null, "Photo Orientation": null, "Device Type": null }, "geometry": { "type": "Point", "coordinates": [ -40.153765332255901, -18.3785229979982, 0.0 ] } },
{ "type": "Feature", "properties": { "Name": "CORDANTA A - 8664", "description": "Northing:7955377.96738775\nEasting:405190.062705796\nDescription:", "timestamp": "2021-06-10T14:58:15-03:00", "begin": null, "end": null, "altitudeMode": null, "tessellate": -1, "extrude": 0, "visibility": -1, "drawOrder": null, "icon": null, "pdfmaps_photos": null, "Photo Name": null, "Photo Date": null, "Photo Timestamp": null, "Photo Location": null, "Photo Altitude": null, "Photo Orientation": null, "Device Type": null }, "geometry": { "type": "Point", "coordinates": [ -39.898077105393803, -18.489889307406099, 0.0 ] } },
{ "type": "Feature", "properties": { "Name": "CORDANTA C - 8656", "description": "Northing:7957282.26877202\nEasting:404748.396795731\nDescription:", "timestamp": "2021-06-10T14:51:02-03:00", "begin": null, "end": null, "altitudeMode": null, "tessellate": -1, "extrude": 0, "visibility": -1, "drawOrder": null, "icon": null, "pdfmaps_photos": null, "Photo Name": null, "Photo Date": null, "Photo Timestamp": null, "Photo Location": null, "Photo Altitude": null, "Photo Orientation": null, "Device Type": null }, "geometry": { "type": "Point", "coordinates": [ -39.965510808790803, -18.3865003353086, 0.0 ] } },
{ "type": "Feature", "properties": { "Name": "CORDANTA D - 9024", "description": "Northing:7958683.76829028\nEasting:404200.529419659\nDescription:", "timestamp": "2021-06-10T15:11:40-03:00", "begin": null, "end": null, "altitudeMode": null, "tessellate": -1, "extrude": 0, "visibility": -1, "drawOrder": null, "icon": null, "pdfmaps_photos": null, "Photo Name": null, "Photo Date": null, "Photo Timestamp": null, "Photo Location": null, "Photo Altitude": null, "Photo Orientation": null, "Device Type": null }, "geometry": { "type": "Point", "coordinates": [ -39.907292360319602, -18.459969922303799, 0.0 ] } },
{ "type": "Feature", "properties": { "Name": "CORDANTA E - 8630", "description": "Northing:7958299.50926398\nEasting:408648.859762576\nDescription:", "timestamp": "2021-06-10T14:43:09-03:00", "begin": null, "end": null, "altitudeMode": null, "tessellate": -1, "extrude": 0, "visibility": -1, "drawOrder": null, "icon": null, "pdfmaps_photos": null, "Photo Name": null, "Photo Date": null, "Photo Timestamp": null, "Photo Location": null, "Photo Altitude": null, "Photo Orientation": null, "Device Type": null }, "geometry": { "type": "Point", "coordinates": [ -39.865184386732302, -18.463639440902501, 0.0 ] } },
{ "type": "Feature", "properties": { "Name": "CORDANTA F - 8648", "description": "Northing:7959191.33160677\nEasting:408352.558312185\nDescription:", "timestamp": "2021-06-10T14:48:17-03:00", "begin": null, "end": null, "altitudeMode": null, "tessellate": -1, "extrude": 0, "visibility": -1, "drawOrder": null, "icon": null, "pdfmaps_photos": null, "Photo Name": null, "Photo Date": null, "Photo Timestamp": null, "Photo Location": null, "Photo Altitude": null, "Photo Orientation": null, "Device Type": null }, "geometry": { "type": "Point", "coordinates": [ -39.867949899714198, -18.455567068563301, 0.0 ] } },
{ "type": "Feature", "properties": { "Name": "CORDANTA G - 8621", "description": "Northing:7959200.07109509\nEasting:406912.950878488\nDescription:", "timestamp": "2021-06-10T14:50:22-03:00", "begin": null, "end": null, "altitudeMode": null, "tessellate": -1, "extrude": 0, "visibility": -1, "drawOrder": null, "icon": null, "pdfmaps_photos": null, "Photo Name": null, "Photo Date": null, "Photo Timestamp": null, "Photo Location": null, "Photo Altitude": null, "Photo Orientation": null, "Device Type": null }, "geometry": { "type": "Point", "coordinates": [ -39.881582162386501, -18.455425203609799, 0.0 ] } },
{ "type": "Feature", "properties": { "Name": "CORDANTA H - 8761", "description": "Northing:7958810.95012825\nEasting:406040.931198281\nDescription:", "timestamp": "2021-06-12T14:36:26-03:00", "begin": null, "end": null, "altitudeMode": null, "tessellate": -1, "extrude": 0, "visibility": -1, "drawOrder": null, "icon": null, "pdfmaps_photos": null, "Photo Name": null, "Photo Date": null, "Photo Timestamp": null, "Photo Location": null, "Photo Altitude": null, "Photo Orientation": null, "Device Type": null }, "geometry": { "type": "Point", "coordinates": [ -39.889612719620501, -18.4579385591095, 0.0 ] } },
{ "type": "Feature", "properties": { "Name": "CORDANTA I - 8435", "description": "Northing:7959693.98700264\nEasting:405850.897792386\nDescription:", "timestamp": "2021-06-10T15:12:31-03:00", "begin": null, "end": null, "altitudeMode": null, "tessellate": -1, "extrude": 0, "visibility": -1, "drawOrder": null, "icon": null, "pdfmaps_photos": null, "Photo Name": null, "Photo Date": null, "Photo Timestamp": null, "Photo Location": null, "Photo Altitude": null, "Photo Orientation": null, "Device Type": null }, "geometry": { "type": "Point", "coordinates": [ -39.891616417356602, -18.450914609464501, 0.0 ] } },
{ "type": "Feature", "properties": { "Name": "CORDANTA J - 8613", "description": "Northing:7960771.2241126\nEasting:405506.729364693\nDescription:", "timestamp": "2021-06-10T14:57:29-03:00", "begin": null, "end": null, "altitudeMode": null, "tessellate": -1, "extrude": 0, "visibility": -1, "drawOrder": null, "icon": null, "pdfmaps_photos": null, "Photo Name": null, "Photo Date": null, "Photo Timestamp": null, "Photo Location": null, "Photo Altitude": null, "Photo Orientation": null, "Device Type": null }, "geometry": { "type": "Point", "coordinates": [ -39.894825076748702, -18.441164149810898, 0.0 ] } },
{ "type": "Feature", "properties": { "Name": "CORDANTA K - 7609", "description": "Northing:7962192.81296499\nEasting:403057.312607218\nDescription:", "timestamp": "2021-06-10T15:15:34-03:00", "begin": null, "end": null, "altitudeMode": null, "tessellate": -1, "extrude": 0, "visibility": -1, "drawOrder": null, "icon": null, "pdfmaps_photos": null, "Photo Name": null, "Photo Date": null, "Photo Timestamp": null, "Photo Location": null, "Photo Altitude": null, "Photo Orientation": null, "Device Type": null }, "geometry": { "type": "Point", "coordinates": [ -39.917950005929001, -18.428206376386498, 0.0 ] } },
{ "type": "Feature", "properties": { "Name": "CORDANTA L - 8371", "description": "Northing:7962554.90380193\nEasting:405192.385060093\nDescription:", "timestamp": "2021-06-10T15:13:25-03:00", "begin": null, "end": null, "altitudeMode": null, "tessellate": -1, "extrude": 0, "visibility": -1, "drawOrder": null, "icon": null, "pdfmaps_photos": null, "Photo Name": null, "Photo Date": null, "Photo Timestamp": null, "Photo Location": null, "Photo Altitude": null, "Photo Orientation": null, "Device Type": null }, "geometry": { "type": "Point", "coordinates": [ -39.897717880472001, -18.4250307697735, 0.0 ] } },
{ "type": "Feature", "properties": { "Name": "CORDANTA M - 9237", "description": "Northing:7963899.45853928\nEasting:404872.829311005\nDescription:", "timestamp": "2021-06-10T14:39:04-03:00", "begin": null, "end": null, "altitudeMode": null, "tessellate": -1, "extrude": 0, "visibility": -1, "drawOrder": null, "icon": null, "pdfmaps_photos": null, "Photo Name": null, "Photo Date": null, "Photo Timestamp": null, "Photo Location": null, "Photo Altitude": null, "Photo Orientation": null, "Device Type": null }, "geometry": { "type": "Point", "coordinates": [ -39.897906067338702, -18.415121495208201, 0.0 ] } },
{ "type": "Feature", "properties": { "Name": "CORDANTA N - 8737", "description": "Northing:7957744.64924755\nEasting:409014.740157635\nDescription:", "timestamp": "2021-06-10T14:42:45-03:00", "begin": null, "end": null, "altitudeMode": null, "tessellate": -1, "extrude": 0, "visibility": -1, "drawOrder": null, "icon": null, "pdfmaps_photos": null, "Photo Name": null, "Photo Date": null, "Photo Timestamp": null, "Photo Location": null, "Photo Altitude": null, "Photo Orientation": null, "Device Type": null }, "geometry": { "type": "Point", "coordinates": [ -39.861744466644403, -18.468669589131899, 0.0 ] } },
{ "type": "Feature", "properties": { "Name": "CORDANTA P - 8711", "description": "Northing:7960219.81036127\nEasting:409344.551768965\nDescription:", "timestamp": "2021-06-10T14:42:00-03:00", "begin": null, "end": null, "altitudeMode": null, "tessellate": -1, "extrude": 0, "visibility": -1, "drawOrder": null, "icon": null, "pdfmaps_photos": null, "Photo Name": null, "Photo Date": null, "Photo Timestamp": null, "Photo Location": null, "Photo Altitude": null, "Photo Orientation": null, "Device Type": null }, "geometry": { "type": "Point", "coordinates": [ -39.858509786446803, -18.446315267787501, 0.0 ] } },
{ "type": "Feature", "properties": { "Name": "CORDANTA Q - 8753", "description": "Northing:7963116.89972588\nEasting:407106.151523231\nDescription:", "timestamp": "2021-06-10T14:41:00-03:00", "begin": null, "end": null, "altitudeMode": null, "tessellate": -1, "extrude": 0, "visibility": -1, "drawOrder": null, "icon": null, "pdfmaps_photos": null, "Photo Name": null, "Photo Date": null, "Photo Timestamp": null, "Photo Location": null, "Photo Altitude": null, "Photo Orientation": null, "Device Type": null }, "geometry": { "type": "Point", "coordinates": [ -39.879572510637601, -18.4200367060836, 0.0 ] } },
{ "type": "Feature", "properties": { "Name": "CORDANTA R - 8729", "description": "Northing:7965506.95262921\nEasting:406689.099519123\nDescription:", "timestamp": "2021-06-10T14:37:27-03:00", "begin": null, "end": null, "altitudeMode": null, "tessellate": -1, "extrude": 0, "visibility": -1, "drawOrder": null, "icon": null, "pdfmaps_photos": null, "Photo Name": null, "Photo Date": null, "Photo Timestamp": null, "Photo Location": null, "Photo Altitude": null, "Photo Orientation": null, "Device Type": null }, "geometry": { "type": "Point", "coordinates": [ -39.883410863908502, -18.398419056203501, 0.0 ] } },
{ "type": "Feature", "properties": { "Name": "CORREGO DA JACUTINGA - 6424", "description": null, "timestamp": "2021-07-23T12:39:01-03:00", "begin": null, "end": null, "altitudeMode": null, "tessellate": -1, "extrude": 0, "visibility": -1, "drawOrder": null, "icon": null, "pdfmaps_photos": null, "Photo Name": null, "Photo Date": null, "Photo Timestamp": null, "Photo Location": null, "Photo Altitude": null, "Photo Orientation": null, "Device Type": null }, "geometry": { "type": "Point", "coordinates": [ -40.0365287899726, -18.459625513609598, 0.0 ] } },
{ "type": "Feature", "properties": { "Name": "CORREGO DO ENGANO - 5487", "description": "Northing:8000540.32673124\nEasting:386677.234807268\nDescription:", "timestamp": "2021-06-10T12:39:16-03:00", "begin": null, "end": null, "altitudeMode": null, "tessellate": -1, "extrude": 0, "visibility": -1, "drawOrder": null, "icon": null, "pdfmaps_photos": null, "Photo Name": null, "Photo Date": null, "Photo Timestamp": null, "Photo Location": null, "Photo Altitude": null, "Photo Orientation": null, "Device Type": null }, "geometry": { "type": "Point", "coordinates": [ -40.070908504533797, -18.080854074467901, 0.0 ] } },
{ "type": "Feature", "properties": { "Name": "CORREGO DO ENGANO - 7111", "description": "Northing:7995409.14600411\nEasting:390801.703812693\nDescription:", "timestamp": "2021-06-10T13:09:54-03:00", "begin": null, "end": null, "altitudeMode": null, "tessellate": -1, "extrude": 0, "visibility": -1, "drawOrder": null, "icon": null, "pdfmaps_photos": null, "Photo Name": null, "Photo Date": null, "Photo Timestamp": null, "Photo Location": null, "Photo Altitude": null, "Photo Orientation": null, "Device Type": null }, "geometry": { "type": "Point", "coordinates": [ -40.032208156613699, -18.127437210703199, 0.0 ] } },
{ "type": "Feature", "properties": { "Name": "CORREGO DO ENGANO - 9288", "description": "Northing:8000303.04226884\nEasting:387141.995774509\nDescription:", "timestamp": "2021-06-10T12:40:15-03:00", "begin": null, "end": null, "altitudeMode": null, "tessellate": -1, "extrude": 0, "visibility": -1, "drawOrder": null, "icon": null, "pdfmaps_photos": null, "Photo Name": null, "Photo Date": null, "Photo Timestamp": null, "Photo Location": null, "Photo Altitude": null, "Photo Orientation": null, "Device Type": null }, "geometry": { "type": "Point", "coordinates": [ -40.066529994211301, -18.083022728324501, 0.0 ] } },
{ "type": "Feature", "properties": { "Name": "CORREGO DO MACUCO - 5363", "description": "Northing:7950800.48845277\nEasting:399145.961632735\nDescription:", "timestamp": "2021-06-12T14:31:10-03:00", "begin": null, "end": null, "altitudeMode": null, "tessellate": -1, "extrude": 0, "visibility": -1, "drawOrder": null, "icon": null, "pdfmaps_photos": null, "Photo Name": null, "Photo Date": null, "Photo Timestamp": null, "Photo Location": null, "Photo Altitude": null, "Photo Orientation": null, "Device Type": null }, "geometry": { "type": "Point", "coordinates": [ -39.9555530948887, -18.530975312718599, 0.0 ] } },
{ "type": "Feature", "properties": { "Name": "CORREGO DO OURO - 5584", "description": "Northing:7976299.91962249\nEasting:396941.685643728\nDescription:", "timestamp": "2021-06-10T14:20:36-03:00", "begin": null, "end": null, "altitudeMode": null, "tessellate": -1, "extrude": 0, "visibility": -1, "drawOrder": null, "icon": null, "pdfmaps_photos": null, "Photo Name": null, "Photo Date": null, "Photo Timestamp": null, "Photo Location": null, "Photo Altitude": null, "Photo Orientation": null, "Device Type": null }, "geometry": { "type": "Point", "coordinates": [ -39.975136601098797, -18.300431974705401, 0.0 ] } },
{ "type": "Feature", "properties": { "Name": "CORREGO JUNDIA - 7692", "description": "Northing:7964258.00937164\nEasting:399089.363577824\nDescription:", "timestamp": "2021-06-10T15:23:50-03:00", "begin": null, "end": null, "altitudeMode": null, "tessellate": -1, "extrude": 0, "visibility": -1, "drawOrder": null, "icon": null, "pdfmaps_photos": null, "Photo Name": null, "Photo Date": null, "Photo Timestamp": null, "Photo Location": null, "Photo Altitude": null, "Photo Orientation": null, "Device Type": null }, "geometry": { "type": "Point", "coordinates": [ -39.955415699233598, -18.409357893245499, 0.0 ] } },
{ "type": "Feature", "properties": { "Name": "CORREGO SANTO ANTÔNIO - PROGRESSO - 1741", "description": null, "timestamp": "2021-07-26T08:20:01-03:00", "begin": null, "end": null, "altitudeMode": null, "tessellate": -1, "extrude": 0, "visibility": -1, "drawOrder": null, "icon": null, "pdfmaps_photos": null, "Photo Name": null, "Photo Date": null, "Photo Timestamp": null, "Photo Location": null, "Photo Altitude": null, "Photo Orientation": null, "Device Type": null }, "geometry": { "type": "Point", "coordinates": [ -40.167080171814497, -18.390911840140902, 0.0 ] } },
{ "type": "Feature", "properties": { "Name": "DELTA - 1708", "description": "Northing:7963366.31616284\nEasting:404501.416325947\nDescription:", "timestamp": "2021-06-10T14:40:03-03:00", "begin": null, "end": null, "altitudeMode": null, "tessellate": -1, "extrude": 0, "visibility": -1, "drawOrder": null, "icon": null, "pdfmaps_photos": null, "Photo Name": null, "Photo Date": null, "Photo Timestamp": null, "Photo Location": null, "Photo Altitude": null, "Photo Orientation": null, "Device Type": null }, "geometry": { "type": "Point", "coordinates": [ -39.9042216369645, -18.4176669076408, 0.0 ] } },
{ "type": "Feature", "properties": { "Name": "DELTA - 655", "description": "Northing:7963789.926627\nEasting:402435.870768908\nDescription:", "timestamp": "2021-06-10T15:15:11-03:00", "begin": null, "end": null, "altitudeMode": null, "tessellate": -1, "extrude": 0, "visibility": -1, "drawOrder": null, "icon": null, "pdfmaps_photos": null, "Photo Name": null, "Photo Date": null, "Photo Timestamp": null, "Photo Location": null, "Photo Altitude": null, "Photo Orientation": null, "Device Type": null }, "geometry": { "type": "Point", "coordinates": [ -39.923756828350498, -18.413744624211201, 0.0 ] } },
{ "type": "Feature", "properties": { "Name": "DIVISA I - 6777", "description": "Northing:8002843.90080923\nEasting:387800.206476297\nDescription:", "timestamp": "2021-06-10T13:08:23-03:00", "begin": null, "end": null, "altitudeMode": null, "tessellate": -1, "extrude": 0, "visibility": -1, "drawOrder": null, "icon": null, "pdfmaps_photos": null, "Photo Name": null, "Photo Date": null, "Photo Timestamp": null, "Photo Location": null, "Photo Altitude": null, "Photo Orientation": null, "Device Type": null }, "geometry": { "type": "Point", "coordinates": [ -40.060172737895002, -18.060095218394601, 0.0 ] } },
{ "type": "Feature", "properties": { "Name": "DIVISOR - 5436", "description": null, "timestamp": "2021-07-22T12:45:35-03:00", "begin": null, "end": null, "altitudeMode": null, "tessellate": -1, "extrude": 0, "visibility": -1, "drawOrder": null, "icon": null, "pdfmaps_photos": null, "Photo Name": null, "Photo Date": null, "Photo Timestamp": null, "Photo Location": null, "Photo Altitude": null, "Photo Orientation": null, "Device Type": null }, "geometry": { "type": "Point", "coordinates": [ -40.096608559392401, -18.054054145092199, 0.0 ] } },
{ "type": "Feature", "properties": { "Name": "DOIS IRMÃOS - 9521", "description": null, "timestamp": "2021-07-23T12:27:35-03:00", "begin": null, "end": null, "altitudeMode": null, "tessellate": -1, "extrude": 0, "visibility": -1, "drawOrder": null, "icon": null, "pdfmaps_photos": null, "Photo Name": null, "Photo Date": null, "Photo Timestamp": null, "Photo Location": null, "Photo Altitude": null, "Photo Orientation": null, "Device Type": null }, "geometry": { "type": "Point", "coordinates": [ -40.1239117377215, -18.0549070283509, 0.0 ] } },
{ "type": "Feature", "properties": { "Name": "EIRA DE ARAUNA - 9016", "description": null, "timestamp": "2021-07-23T16:37:17-03:00", "begin": null, "end": null, "altitudeMode": null, "tessellate": -1, "extrude": 0, "visibility": -1, "drawOrder": null, "icon": null, "pdfmaps_photos": null, "Photo Name": null, "Photo Date": null, "Photo Timestamp": null, "Photo Location": null, "Photo Altitude": null, "Photo Orientation": null, "Device Type": null }, "geometry": { "type": "Point", "coordinates": [ -40.187272859166697, -18.122764561328999, 0.0 ] } },
{ "type": "Feature", "properties": { "Name": "ESPLANADA I - 2984", "description": null, "timestamp": "2021-07-26T09:50:56-03:00", "begin": null, "end": null, "altitudeMode": null, "tessellate": -1, "extrude": 0, "visibility": -1, "drawOrder": null, "icon": null, "pdfmaps_photos": null, "Photo Name": null, "Photo Date": null, "Photo Timestamp": null, "Photo Location": null, "Photo Altitude": null, "Photo Orientation": null, "Device Type": null }, "geometry": { "type": "Point", "coordinates": [ -40.117244378398198, -18.475889737219902, 0.0 ] } },
{ "type": "Feature", "properties": { "Name": "ESPLANADA I - 2985", "description": null, "timestamp": "2021-07-26T09:51:46-03:00", "begin": null, "end": null, "altitudeMode": null, "tessellate": -1, "extrude": 0, "visibility": -1, "drawOrder": null, "icon": null, "pdfmaps_photos": null, "Photo Name": null, "Photo Date": null, "Photo Timestamp": null, "Photo Location": null, "Photo Altitude": null, "Photo Orientation": null, "Device Type": null }, "geometry": { "type": "Point", "coordinates": [ -40.102566374734501, -18.452620876874398, 0.0 ] } },
{ "type": "Feature", "properties": { "Name": "ESPLANADA I - 2986", "description": null, "timestamp": "2021-07-26T09:52:35-03:00", "begin": null, "end": null, "altitudeMode": null, "tessellate": -1, "extrude": 0, "visibility": -1, "drawOrder": null, "icon": null, "pdfmaps_photos": null, "Photo Name": null, "Photo Date": null, "Photo Timestamp": null, "Photo Location": null, "Photo Altitude": null, "Photo Orientation": null, "Device Type": null }, "geometry": { "type": "Point", "coordinates": [ -40.105025972402998, -18.441185658767601, 0.0 ] } },
{ "type": "Feature", "properties": { "Name": "ESPLANADA II - 2989", "description": null, "timestamp": "2021-07-26T09:53:26-03:00", "begin": null, "end": null, "altitudeMode": null, "tessellate": -1, "extrude": 0, "visibility": -1, "drawOrder": null, "icon": null, "pdfmaps_photos": null, "Photo Name": null, "Photo Date": null, "Photo Timestamp": null, "Photo Location": null, "Photo Altitude": null, "Photo Orientation": null, "Device Type": null }, "geometry": { "type": "Point", "coordinates": [ -40.128250977147097, -18.453455927011401, 0.0 ] } },
{ "type": "Feature", "properties": { "Name": "ESPLANADA III - 2987", "description": null, "timestamp": "2021-07-26T09:53:00-03:00", "begin": null, "end": null, "altitudeMode": null, "tessellate": -1, "extrude": 0, "visibility": -1, "drawOrder": null, "icon": null, "pdfmaps_photos": null, "Photo Name": null, "Photo Date": null, "Photo Timestamp": null, "Photo Location": null, "Photo Altitude": null, "Photo Orientation": null, "Device Type": null }, "geometry": { "type": "Point", "coordinates": [ -40.119690515168102, -18.446228323523101, 0.0 ] } },
{ "type": "Feature", "properties": { "Name": "ESPLANADA IV - 2988", "description": null, "timestamp": "2021-07-26T09:52:12-03:00", "begin": null, "end": null, "altitudeMode": null, "tessellate": -1, "extrude": 0, "visibility": -1, "drawOrder": null, "icon": null, "pdfmaps_photos": null, "Photo Name": null, "Photo Date": null, "Photo Timestamp": null, "Photo Location": null, "Photo Altitude": null, "Photo Orientation": null, "Device Type": null }, "geometry": { "type": "Point", "coordinates": [ -40.094709151096197, -18.4448169156747, 0.0 ] } },
{ "type": "Feature", "properties": { "Name": "ESPLANADA V - 6131", "description": null, "timestamp": "2021-07-26T09:53:55-03:00", "begin": null, "end": null, "altitudeMode": null, "tessellate": -1, "extrude": 0, "visibility": -1, "drawOrder": null, "icon": null, "pdfmaps_photos": null, "Photo Name": null, "Photo Date": null, "Photo Timestamp": null, "Photo Location": null, "Photo Altitude": null, "Photo Orientation": null, "Device Type": null }, "geometry": { "type": "Point", "coordinates": [ -40.138019726045599, -18.4582046261743, 0.0 ] } },
{ "type": "Feature", "properties": { "Name": "ESPORA DE OURO - 7838", "description": null, "timestamp": "2021-07-23T16:39:06-03:00", "begin": null, "end": null, "altitudeMode": null, "tessellate": -1, "extrude": 0, "visibility": -1, "drawOrder": null, "icon": null, "pdfmaps_photos": null, "Photo Name": null, "Photo Date": null, "Photo Timestamp": null, "Photo Location": null, "Photo Altitude": null, "Photo Orientation": null, "Device Type": null }, "geometry": { "type": "Point", "coordinates": [ -40.177982498161697, -18.102479138284998, 0.0 ] } },
{ "type": "Feature", "properties": { "Name": "ESTANCIA ANTARES - 6688", "description": null, "timestamp": "2021-07-23T12:29:51-03:00", "begin": null, "end": null, "altitudeMode": null, "tessellate": -1, "extrude": 0, "visibility": -1, "drawOrder": null, "icon": null, "pdfmaps_photos": null, "Photo Name": null, "Photo Date": null, "Photo Timestamp": null, "Photo Location": null, "Photo Altitude": null, "Photo Orientation": null, "Device Type": null }, "geometry": { "type": "Point", "coordinates": [ -40.107168461310103, -18.059452289449101, 0.0 ] } },
{ "type": "Feature", "properties": { "Name": "ESTRELA DALVA - 4391", "description": "Northing:8009889.2272447\nEasting:386574.695293169\nDescription:", "timestamp": "2021-06-10T13:14:20-03:00", "begin": null, "end": null, "altitudeMode": null, "tessellate": -1, "extrude": 0, "visibility": -1, "drawOrder": null, "icon": null, "pdfmaps_photos": null, "Photo Name": null, "Photo Date": null, "Photo Timestamp": null, "Photo Location": null, "Photo Altitude": null, "Photo Orientation": null, "Device Type": null }, "geometry": { "type": "Point", "coordinates": [ -40.071365835578398, -17.996362549735601, 0.0 ] } },
{ "type": "Feature", "properties": { "Name": "EX COMBATENTE - 4715", "description": null, "timestamp": "2021-07-26T09:54:17-03:00", "begin": null, "end": null, "altitudeMode": null, "tessellate": -1, "extrude": 0, "visibility": -1, "drawOrder": null, "icon": null, "pdfmaps_photos": null, "Photo Name": null, "Photo Date": null, "Photo Timestamp": null, "Photo Location": null, "Photo Altitude": null, "Photo Orientation": null, "Device Type": null }, "geometry": { "type": "Point", "coordinates": [ -40.148602423886402, -18.462575428544, 0.0 ] } },
{ "type": "Feature", "properties": { "Name": "FAZ. CRISTAL - 7871", "description": null, "timestamp": "2021-07-23T12:31:23-03:00", "begin": null, "end": null, "altitudeMode": null, "tessellate": -1, "extrude": 0, "visibility": -1, "drawOrder": null, "icon": null, "pdfmaps_photos": null, "Photo Name": null, "Photo Date": null, "Photo Timestamp": null, "Photo Location": null, "Photo Altitude": null, "Photo Orientation": null, "Device Type": null }, "geometry": { "type": "Point", "coordinates": [ -40.1076917992402, -18.0651707201955, 0.0 ] } },
{ "type": "Feature", "properties": { "Name": "FAZ. DA PEDRA - 5274", "description": null, "timestamp": "2021-07-26T09:55:09-03:00", "begin": null, "end": null, "altitudeMode": null, "tessellate": -1, "extrude": 0, "visibility": -1, "drawOrder": null, "icon": null, "pdfmaps_photos": null, "Photo Name": null, "Photo Date": null, "Photo Timestamp": null, "Photo Location": null, "Photo Altitude": null, "Photo Orientation": null, "Device Type": null }, "geometry": { "type": "Point", "coordinates": [ -40.166980262787099, -18.4549648752674, 0.0 ] } },
{ "type": "Feature", "properties": { "Name": "FAZ. FORMOSA - 4511", "description": "Northing:8000113.21590139\nEasting:388220.441483869\nDescription:", "timestamp": "2021-06-10T12:43:15-03:00", "begin": null, "end": null, "altitudeMode": null, "tessellate": -1, "extrude": 0, "visibility": -1, "drawOrder": null, "icon": null, "pdfmaps_photos": null, "Photo Name": null, "Photo Date": null, "Photo Timestamp": null, "Photo Location": null, "Photo Altitude": null, "Photo Orientation": null, "Device Type": null }, "geometry": { "type": "Point", "coordinates": [ -40.056350018212399, -18.084794240253, 0.0 ] } },
{ "type": "Feature", "properties": { "Name": "FERREIRA II - 3310", "description": null, "timestamp": "2021-07-22T12:57:27-03:00", "begin": null, "end": null, "altitudeMode": null, "tessellate": -1, "extrude": 0, "visibility": -1, "drawOrder": null, "icon": null, "pdfmaps_photos": null, "Photo Name": null, "Photo Date": null, "Photo Timestamp": null, "Photo Location": null, "Photo Altitude": null, "Photo Orientation": null, "Device Type": null }, "geometry": { "type": "Point", "coordinates": [ -40.025304949323697, -18.202610725663899, 0.0 ] } },
{ "type": "Feature", "properties": { "Name": "FILADÉLFIA - 9814", "description": null, "timestamp": "2022-02-02T11:50:19-03:00", "begin": null, "end": null, "altitudeMode": null, "tessellate": -1, "extrude": 0, "visibility": -1, "drawOrder": null, "icon": null, "pdfmaps_photos": null, "Photo Name": null, "Photo Date": null, "Photo Timestamp": null, "Photo Location": null, "Photo Altitude": null, "Photo Orientation": null, "Device Type": null }, "geometry": { "type": "Point", "coordinates": [ -40.152821643554802, -18.1817639938408, 0.0 ] } },
{ "type": "Feature", "properties": { "Name": "FLOR DO CAMPO - 9296", "description": null, "timestamp": "2021-07-23T16:39:33-03:00", "begin": null, "end": null, "altitudeMode": null, "tessellate": -1, "extrude": 0, "visibility": -1, "drawOrder": null, "icon": null, "pdfmaps_photos": null, "Photo Name": null, "Photo Date": null, "Photo Timestamp": null, "Photo Location": null, "Photo Altitude": null, "Photo Orientation": null, "Device Type": null }, "geometry": { "type": "Point", "coordinates": [ -40.159555071095198, -18.096958007111599, 0.0 ] } },
{ "type": "Feature", "properties": { "Name": "FLORESTA - 9547", "description": "Northing:7994512.04320834\nEasting:393896.6670888\nDescription:", "timestamp": "2021-06-10T13:13:02-03:00", "begin": null, "end": null, "altitudeMode": null, "tessellate": -1, "extrude": 0, "visibility": -1, "drawOrder": null, "icon": null, "pdfmaps_photos": null, "Photo Name": null, "Photo Date": null, "Photo Timestamp": null, "Photo Location": null, "Photo Altitude": null, "Photo Orientation": null, "Device Type": null }, "geometry": { "type": "Point", "coordinates": [ -40.003002235775803, -18.135699009403702, 0.0 ] } },
{ "type": "Feature", "properties": { "Name": "FONTE NOVA - 8184", "description": null, "timestamp": "2021-07-22T13:17:17-03:00", "begin": null, "end": null, "altitudeMode": null, "tessellate": -1, "extrude": 0, "visibility": -1, "drawOrder": null, "icon": null, "pdfmaps_photos": null, "Photo Name": null, "Photo Date": null, "Photo Timestamp": null, "Photo Location": null, "Photo Altitude": null, "Photo Orientation": null, "Device Type": null }, "geometry": { "type": "Point", "coordinates": [ -40.160617308200202, -18.023943652900702, 0.0 ] } },
{ "type": "Feature", "properties": { "Name": "FORTALEZA - 4634", "description": null, "timestamp": "2021-07-23T16:38:30-03:00", "begin": null, "end": null, "altitudeMode": null, "tessellate": -1, "extrude": 0, "visibility": -1, "drawOrder": null, "icon": null, "pdfmaps_photos": null, "Photo Name": null, "Photo Date": null, "Photo Timestamp": null, "Photo Location": null, "Photo Altitude": null, "Photo Orientation": null, "Device Type": null }, "geometry": { "type": "Point", "coordinates": [ -40.182683801757001, -18.148381059877099, 0.0 ] } },
{ "type": "Feature", "properties": { "Name": "FORTALEZA - 7510", "description": null, "timestamp": "2021-07-23T16:34:10-03:00", "begin": null, "end": null, "altitudeMode": null, "tessellate": -1, "extrude": 0, "visibility": -1, "drawOrder": null, "icon": null, "pdfmaps_photos": null, "Photo Name": null, "Photo Date": null, "Photo Timestamp": null, "Photo Location": null, "Photo Altitude": null, "Photo Orientation": null, "Device Type": null }, "geometry": { "type": "Point", "coordinates": [ -40.142342823105601, -18.137691725945999, 0.0 ] } },
{ "type": "Feature", "properties": { "Name": "GAMELEIRA - 8150", "description": null, "timestamp": "2021-07-23T12:29:10-03:00", "begin": null, "end": null, "altitudeMode": null, "tessellate": -1, "extrude": 0, "visibility": -1, "drawOrder": null, "icon": null, "pdfmaps_photos": null, "Photo Name": null, "Photo Date": null, "Photo Timestamp": null, "Photo Location": null, "Photo Altitude": null, "Photo Orientation": null, "Device Type": null }, "geometry": { "type": "Point", "coordinates": [ -40.108678479391799, -18.056532511372499, 0.0 ] } },
{ "type": "Feature", "properties": { "Name": "GRACIOSA - 2348", "description": null, "timestamp": "2021-07-26T14:33:43-03:00", "begin": null, "end": null, "altitudeMode": null, "tessellate": -1, "extrude": 0, "visibility": -1, "drawOrder": null, "icon": null, "pdfmaps_photos": null, "Photo Name": null, "Photo Date": null, "Photo Timestamp": null, "Photo Location": null, "Photo Altitude": null, "Photo Orientation": null, "Device Type": null }, "geometry": { "type": "Point", "coordinates": [ -40.199713635242603, -18.441340075548101, 0.0 ] } },
{ "type": "Feature", "properties": { "Name": "GRANADA - 6882", "description": null, "timestamp": "2021-07-23T12:28:37-03:00", "begin": null, "end": null, "altitudeMode": null, "tessellate": -1, "extrude": 0, "visibility": -1, "drawOrder": null, "icon": null, "pdfmaps_photos": null, "Photo Name": null, "Photo Date": null, "Photo Timestamp": null, "Photo Location": null, "Photo Altitude": null, "Photo Orientation": null, "Device Type": null }, "geometry": { "type": "Point", "coordinates": [ -40.111336283983398, -18.055962766221501, 0.0 ] } },
{ "type": "Feature", "properties": { "Name": "GRANADA - 9334", "description": null, "timestamp": "2021-07-23T12:28:10-03:00", "begin": null, "end": null, "altitudeMode": null, "tessellate": -1, "extrude": 0, "visibility": -1, "drawOrder": null, "icon": null, "pdfmaps_photos": null, "Photo Name": null, "Photo Date": null, "Photo Timestamp": null, "Photo Location": null, "Photo Altitude": null, "Photo Orientation": null, "Device Type": null }, "geometry": { "type": "Point", "coordinates": [ -40.115740007760898, -18.052307947504001, 0.0 ] } },
{ "type": "Feature", "properties": { "Name": "GUADALAJARA I -1686", "description": "Northing:7986072.55939414\nEasting:397068.050808252\nDescription:", "timestamp": "2021-06-10T13:25:33-03:00", "begin": null, "end": null, "altitudeMode": null, "tessellate": -1, "extrude": 0, "visibility": -1, "drawOrder": null, "icon": null, "pdfmaps_photos": null, "Photo Name": null, "Photo Date": null, "Photo Timestamp": null, "Photo Location": null, "Photo Altitude": null, "Photo Orientation": null, "Device Type": null }, "geometry": { "type": "Point", "coordinates": [ -39.973448912999302, -18.2121218763534, 0.0 ] } },
{ "type": "Feature", "properties": { "Name": "Guanabara - 2089", "description": "Northing:7996768.15759897\nEasting:389091.155301209\nDescription:2908", "timestamp": "2021-06-09T08:54:40-03:00", "begin": null, "end": null, "altitudeMode": null, "tessellate": -1, "extrude": 0, "visibility": -1, "drawOrder": null, "icon": null, "pdfmaps_photos": null, "Photo Name": null, "Photo Date": null, "Photo Timestamp": null, "Photo Location": null, "Photo Altitude": null, "Photo Orientation": null, "Device Type": null }, "geometry": { "type": "Point", "coordinates": [ -40.048302216385601, -18.115068481463702, 0.0 ] } },
{ "type": "Feature", "properties": { "Name": "GUANABARA - 9253", "description": null, "timestamp": "2021-07-22T12:58:24-03:00", "begin": null, "end": null, "altitudeMode": null, "tessellate": -1, "extrude": 0, "visibility": -1, "drawOrder": null, "icon": null, "pdfmaps_photos": null, "Photo Name": null, "Photo Date": null, "Photo Timestamp": null, "Photo Location": null, "Photo Altitude": null, "Photo Orientation": null, "Device Type": null }, "geometry": { "type": "Point", "coordinates": [ -40.064458511303002, -18.176173646856601, 0.0 ] } },
{ "type": "Feature", "properties": { "Name": "GUARUJA - 1899", "description": null, "timestamp": "2021-07-22T12:59:36-03:00", "begin": null, "end": null, "altitudeMode": null, "tessellate": -1, "extrude": 0, "visibility": -1, "drawOrder": null, "icon": null, "pdfmaps_photos": null, "Photo Name": null, "Photo Date": null, "Photo Timestamp": null, "Photo Location": null, "Photo Altitude": null, "Photo Orientation": null, "Device Type": null }, "geometry": { "type": "Point", "coordinates": [ -40.056829463550997, -18.201733892123901, 0.0 ] } },
{ "type": "Feature", "properties": { "Name": "GUARUJA - 3557", "description": null, "timestamp": "2021-07-22T13:03:27-03:00", "begin": null, "end": null, "altitudeMode": null, "tessellate": -1, "extrude": 0, "visibility": -1, "drawOrder": null, "icon": null, "pdfmaps_photos": null, "Photo Name": null, "Photo Date": null, "Photo Timestamp": null, "Photo Location": null, "Photo Altitude": null, "Photo Orientation": null, "Device Type": null }, "geometry": { "type": "Point", "coordinates": [ -40.079782597014002, -18.186485036530399, 0.0 ] } },
{ "type": "Feature", "properties": { "Name": "HORIZONTE I - 752", "description": "Northing:7962440.54379745\nEasting:396557.542446474\nDescription:", "timestamp": "2021-06-10T15:27:15-03:00", "begin": null, "end": null, "altitudeMode": null, "tessellate": -1, "extrude": 0, "visibility": -1, "drawOrder": null, "icon": null, "pdfmaps_photos": null, "Photo Name": null, "Photo Date": null, "Photo Timestamp": null, "Photo Location": null, "Photo Altitude": null, "Photo Orientation": null, "Device Type": null }, "geometry": { "type": "Point", "coordinates": [ -39.979477214619997, -18.425660172338599, 0.0 ] } },
{ "type": "Feature", "properties": { "Name": "HORIZONTE II - 1660", "description": "Northing:7963578.37856908\nEasting:397718.525656837\nDescription:", "timestamp": "2021-06-10T15:25:23-03:00", "begin": null, "end": null, "altitudeMode": null, "tessellate": -1, "extrude": 0, "visibility": -1, "drawOrder": null, "icon": null, "pdfmaps_photos": null, "Photo Name": null, "Photo Date": null, "Photo Timestamp": null, "Photo Location": null, "Photo Altitude": null, "Photo Orientation": null, "Device Type": null }, "geometry": { "type": "Point", "coordinates": [ -39.968427703832702, -18.415433998756001, 0.0 ] } },
{ "type": "Feature", "properties": { "Name": "HORIZONTE III - 3298", "description": "Northing:7965018.48837792\nEasting:397564.506776107\nDescription:", "timestamp": "2021-06-10T15:26:37-03:00", "begin": null, "end": null, "altitudeMode": null, "tessellate": -1, "extrude": 0, "visibility": -1, "drawOrder": null, "icon": null, "pdfmaps_photos": null, "Photo Name": null, "Photo Date": null, "Photo Timestamp": null, "Photo Location": null, "Photo Altitude": null, "Photo Orientation": null, "Device Type": null }, "geometry": { "type": "Point", "coordinates": [ -39.969812956487999, -18.402412355734299, 0.0 ] } },
{ "type": "Feature", "properties": { "Name": "HORIZONTE IV - 5703", "description": "Northing:7964171.36951567\nEasting:399584.171267548\nDescription:", "timestamp": "2021-06-10T15:23:24-03:00", "begin": null, "end": null, "altitudeMode": null, "tessellate": -1, "extrude": 0, "visibility": -1, "drawOrder": null, "icon": null, "pdfmaps_photos": null, "Photo Name": null, "Photo Date": null, "Photo Timestamp": null, "Photo Location": null, "Photo Altitude": null, "Photo Orientation": null, "Device Type": null }, "geometry": { "type": "Point", "coordinates": [ -39.950735665505903, -18.410164350059301, 0.0 ] } },
{ "type": "Feature", "properties": { "Name": "HORIZONTE V - 5704", "description": "Northing:7964947.25766948\nEasting:398966.147856981\nDescription:", "timestamp": "2021-06-10T15:25:50-03:00", "begin": null, "end": null, "altitudeMode": null, "tessellate": -1, "extrude": 0, "visibility": -1, "drawOrder": null, "icon": null, "pdfmaps_photos": null, "Photo Name": null, "Photo Date": null, "Photo Timestamp": null, "Photo Location": null, "Photo Altitude": null, "Photo Orientation": null, "Device Type": null }, "geometry": { "type": "Point", "coordinates": [ -39.956547778404698, -18.4031232945967, 0.0 ] } },
{ "type": "Feature", "properties": { "Name": "IRMÃOS CORADINE - 5827", "description": null, "timestamp": "2021-07-26T08:18:55-03:00", "begin": null, "end": null, "altitudeMode": null, "tessellate": -1, "extrude": 0, "visibility": -1, "drawOrder": null, "icon": null, "pdfmaps_photos": null, "Photo Name": null, "Photo Date": null, "Photo Timestamp": null, "Photo Location": null, "Photo Altitude": null, "Photo Orientation": null, "Device Type": null }, "geometry": { "type": "Point", "coordinates": [ -40.1328064675007, -18.380780757648399, 0.0 ] } },
{ "type": "Feature", "properties": { "Name": "ITAJUBÁ - 6092", "description": "Northing:8003946.09750559\nEasting:389264.418926453\nDescription:", "timestamp": "2021-06-10T13:01:02-03:00", "begin": null, "end": null, "altitudeMode": null, "tessellate": -1, "extrude": 0, "visibility": -1, "drawOrder": null, "icon": null, "pdfmaps_photos": null, "Photo Name": null, "Photo Date": null, "Photo Timestamp": null, "Photo Location": null, "Photo Altitude": null, "Photo Orientation": null, "Device Type": null }, "geometry": { "type": "Point", "coordinates": [ -40.046280197428203, -18.050210004398402, 0.0 ] } },
{ "type": "Feature", "properties": { "Name": "ITAUNAS - 7161", "description": "Northing:7965364.90900647\nEasting:400654.841049782\nDescription:", "timestamp": "2021-06-10T15:22:38-03:00", "begin": null, "end": null, "altitudeMode": null, "tessellate": -1, "extrude": 0, "visibility": -1, "drawOrder": null, "icon": null, "pdfmaps_photos": null, "Photo Name": null, "Photo Date": null, "Photo Timestamp": null, "Photo Location": null, "Photo Altitude": null, "Photo Orientation": null, "Device Type": null }, "geometry": { "type": "Point", "coordinates": [ -39.940541022775598, -18.399428732334901, 0.0 ] } },
{ "type": "Feature", "properties": { "Name": "ITAUNINHAS - 2292", "description": null, "timestamp": "2021-07-26T14:33:19-03:00", "begin": null, "end": null, "altitudeMode": null, "tessellate": -1, "extrude": 0, "visibility": -1, "drawOrder": null, "icon": null, "pdfmaps_photos": null, "Photo Name": null, "Photo Date": null, "Photo Timestamp": null, "Photo Location": null, "Photo Altitude": null, "Photo Orientation": null, "Device Type": null }, "geometry": { "type": "Point", "coordinates": [ -40.239698097228299, -18.489146985737399, 0.0 ] } },
{ "type": "Feature", "properties": { "Name": "ITAUNINHAS - 4553", "description": null, "timestamp": "2021-07-26T14:40:01-03:00", "begin": null, "end": null, "altitudeMode": null, "tessellate": -1, "extrude": 0, "visibility": -1, "drawOrder": null, "icon": null, "pdfmaps_photos": null, "Photo Name": null, "Photo Date": null, "Photo Timestamp": null, "Photo Location": null, "Photo Altitude": null, "Photo Orientation": null, "Device Type": null }, "geometry": { "type": "Point", "coordinates": [ -40.127003676308, -18.1069785677685, 0.0 ] } },
{ "type": "Feature", "properties": { "Name": "ITAUNINHAS - 647", "description": null, "timestamp": "2021-07-26T09:45:16-03:00", "begin": null, "end": null, "altitudeMode": null, "tessellate": -1, "extrude": 0, "visibility": -1, "drawOrder": null, "icon": null, "pdfmaps_photos": null, "Photo Name": null, "Photo Date": null, "Photo Timestamp": null, "Photo Location": null, "Photo Altitude": null, "Photo Orientation": null, "Device Type": null }, "geometry": { "type": "Point", "coordinates": [ -40.082003291046703, -18.521629343086001, 0.0 ] } },
{ "type": "Feature", "properties": { "Name": "ITAUNINHAS Dr. NELSON - 2291", "description": null, "timestamp": "2021-07-26T14:32:42-03:00", "begin": null, "end": null, "altitudeMode": null, "tessellate": -1, "extrude": 0, "visibility": -1, "drawOrder": null, "icon": null, "pdfmaps_photos": null, "Photo Name": null, "Photo Date": null, "Photo Timestamp": null, "Photo Location": null, "Photo Altitude": null, "Photo Orientation": null, "Device Type": null }, "geometry": { "type": "Point", "coordinates": [ -40.221170029747903, -18.471044928245298, 0.0 ] } },
{ "type": "Feature", "properties": { "Name": "J7 - 6670", "description": "Northing:8002059.12653867\nEasting:390813.4911421\nDescription:", "timestamp": "2021-06-10T12:52:01-03:00", "begin": null, "end": null, "altitudeMode": null, "tessellate": -1, "extrude": 0, "visibility": -1, "drawOrder": null, "icon": null, "pdfmaps_photos": null, "Photo Name": null, "Photo Date": null, "Photo Timestamp": null, "Photo Location": null, "Photo Altitude": null, "Photo Orientation": null, "Device Type": null }, "geometry": { "type": "Point", "coordinates": [ -40.030734321924697, -18.064264304857801, 0.0 ] } },
{ "type": "Feature", "properties": { "Name": "JABUTICABEIRA - 6050", "description": "Northing:7958558.24891913\nEasting:402959.571774617\nDescription:", "timestamp": "2021-06-10T15:21:21-03:00", "begin": null, "end": null, "altitudeMode": null, "tessellate": -1, "extrude": 0, "visibility": -1, "drawOrder": null, "icon": null, "pdfmaps_photos": null, "Photo Name": null, "Photo Date": null, "Photo Timestamp": null, "Photo Location": null, "Photo Altitude": null, "Photo Orientation": null, "Device Type": null }, "geometry": { "type": "Point", "coordinates": [ -39.919050084292302, -18.461047645397201, 0.0 ] } },
{ "type": "Feature", "properties": { "Name": "JACUTINGA - 6530", "description": null, "timestamp": "2021-07-26T08:21:59-03:00", "begin": null, "end": null, "altitudeMode": null, "tessellate": -1, "extrude": 0, "visibility": -1, "drawOrder": null, "icon": null, "pdfmaps_photos": null, "Photo Name": null, "Photo Date": null, "Photo Timestamp": null, "Photo Location": null, "Photo Altitude": null, "Photo Orientation": null, "Device Type": null }, "geometry": { "type": "Point", "coordinates": [ -40.0325307427319, -18.523892559914, 0.0 ] } },
{ "type": "Feature", "properties": { "Name": "JOEIRANA - 4529", "description": "Northing:7950947.71265116\nEasting:406682.454401576\nDescription:", "timestamp": "2021-06-10T15:04:46-03:00", "begin": null, "end": null, "altitudeMode": null, "tessellate": -1, "extrude": 0, "visibility": -1, "drawOrder": null, "icon": null, "pdfmaps_photos": null, "Photo Name": null, "Photo Date": null, "Photo Timestamp": null, "Photo Location": null, "Photo Altitude": null, "Photo Orientation": null, "Device Type": null }, "geometry": { "type": "Point", "coordinates": [ -39.884147417765099, -18.529992381424101, 0.0 ] } },
{ "type": "Feature", "properties": { "Name": "JUNDIA - 612", "description": "Northing:7969214.99134926\nEasting:407070.472048367\nDescription:", "timestamp": "2021-06-10T14:32:05-03:00", "begin": null, "end": null, "altitudeMode": null, "tessellate": -1, "extrude": 0, "visibility": -1, "drawOrder": null, "icon": null, "pdfmaps_photos": null, "Photo Name": null, "Photo Date": null, "Photo Timestamp": null, "Photo Location": null, "Photo Altitude": null, "Photo Orientation": null, "Device Type": null }, "geometry": { "type": "Point", "coordinates": [ -39.8796306190454, -18.364925471931102, 0.0 ] } },
{ "type": "Feature", "properties": { "Name": "JUNDIA II - 5711", "description": "Northing:7970553.82846595\nEasting:408931.974511925\nDescription:", "timestamp": "2021-06-10T14:31:37-03:00", "begin": null, "end": null, "altitudeMode": null, "tessellate": -1, "extrude": 0, "visibility": -1, "drawOrder": null, "icon": null, "pdfmaps_photos": null, "Photo Name": null, "Photo Date": null, "Photo Timestamp": null, "Photo Location": null, "Photo Altitude": null, "Photo Orientation": null, "Device Type": null }, "geometry": { "type": "Point", "coordinates": [ -39.861951879237303, -18.352906598872, 0.0 ] } },
{ "type": "Feature", "properties": { "Name": "LAMANDA - 7285", "description": null, "timestamp": "2021-07-26T14:40:17-03:00", "begin": null, "end": null, "altitudeMode": null, "tessellate": -1, "extrude": 0, "visibility": -1, "drawOrder": null, "icon": null, "pdfmaps_photos": null, "Photo Name": null, "Photo Date": null, "Photo Timestamp": null, "Photo Location": null, "Photo Altitude": null, "Photo Orientation": null, "Device Type": null }, "geometry": { "type": "Point", "coordinates": [ -40.130168579955601, -18.109402043216299, 0.0 ] } },
{ "type": "Feature", "properties": { "Name": "LARANJEIRAS - 1929", "description": "Northing:7980254.93300365\nEasting:393655.108723332\nDescription:", "timestamp": "2021-06-10T14:17:29-03:00", "begin": null, "end": null, "altitudeMode": null, "tessellate": -1, "extrude": 0, "visibility": -1, "drawOrder": null, "icon": null, "pdfmaps_photos": null, "Photo Name": null, "Photo Date": null, "Photo Timestamp": null, "Photo Location": null, "Photo Altitude": null, "Photo Orientation": null, "Device Type": null }, "geometry": { "type": "Point", "coordinates": [ -40.0060245562943, -18.264529353450399, 0.0 ] } },
{ "type": "Feature", "properties": { "Name": "Localizador 1", "description": "Northing:20576873.6601934\nEasting:4621535.17045603\nDescription:", "timestamp": "2021-01-20T13:34:39-03:00", "begin": null, "end": null, "altitudeMode": null, "tessellate": -1, "extrude": 0, "visibility": -1, "drawOrder": null, "icon": null, "pdfmaps_photos": null, "Photo Name": null, "Photo Date": null, "Photo Timestamp": null, "Photo Location": null, "Photo Altitude": null, "Photo Orientation": null, "Device Type": null }, "geometry": { "type": "Point", "coordinates": [ 58.464911231295297, 55.0229941039699, 0.0 ] } },
{ "type": "Feature", "properties": { "Name": "LONDRINA I - 4049", "description": "Northing:7992743.464529\nEasting:392068.407886835\nDescription:", "timestamp": "2021-06-10T13:17:24-03:00", "begin": null, "end": null, "altitudeMode": null, "tessellate": -1, "extrude": 0, "visibility": -1, "drawOrder": null, "icon": null, "pdfmaps_photos": null, "Photo Name": null, "Photo Date": null, "Photo Timestamp": null, "Photo Location": null, "Photo Altitude": null, "Photo Orientation": null, "Device Type": null }, "geometry": { "type": "Point", "coordinates": [ -40.020375615843903, -18.151590955276099, 0.0 ] } },
{ "type": "Feature", "properties": { "Name": "LONDRINA II - 4073", "description": null, "timestamp": "2021-07-22T12:55:41-03:00", "begin": null, "end": null, "altitudeMode": null, "tessellate": -1, "extrude": 0, "visibility": -1, "drawOrder": null, "icon": null, "pdfmaps_photos": null, "Photo Name": null, "Photo Date": null, "Photo Timestamp": null, "Photo Location": null, "Photo Altitude": null, "Photo Orientation": null, "Device Type": null }, "geometry": { "type": "Point", "coordinates": [ -40.0420587495991, -18.149736241399399, 0.0 ] } },
{ "type": "Feature", "properties": { "Name": "Luiziânia - 7331", "description": "Northing:7998833.78467964\nEasting:389169.894395457\nDescription:", "timestamp": "2021-06-10T12:50:15-03:00", "begin": null, "end": null, "altitudeMode": null, "tessellate": -1, "extrude": 0, "visibility": -1, "drawOrder": null, "icon": null, "pdfmaps_photos": null, "Photo Name": null, "Photo Date": null, "Photo Timestamp": null, "Photo Location": null, "Photo Altitude": null, "Photo Orientation": null, "Device Type": null }, "geometry": { "type": "Point", "coordinates": [ -40.047447149376403, -18.0964054107199, 0.0 ] } },
{ "type": "Feature", "properties": { "Name": "LUZITANIA - 9440", "description": "Northing:7995560.6052099\nEasting:391860.451584375\nDescription:", "timestamp": "2021-06-10T13:09:24-03:00", "begin": null, "end": null, "altitudeMode": null, "tessellate": -1, "extrude": 0, "visibility": -1, "drawOrder": null, "icon": null, "pdfmaps_photos": null, "Photo Name": null, "Photo Date": null, "Photo Timestamp": null, "Photo Location": null, "Photo Altitude": null, "Photo Orientation": null, "Device Type": null }, "geometry": { "type": "Point", "coordinates": [ -40.022193463647902, -18.126121838517399, 0.0 ] } },
{ "type": "Feature", "properties": { "Name": "MARILIA - 1414", "description": "Northing:7992503.38001058\nEasting:392848.170566635\nDescription:", "timestamp": "2021-06-10T13:15:32-03:00", "begin": null, "end": null, "altitudeMode": null, "tessellate": -1, "extrude": 0, "visibility": -1, "drawOrder": null, "icon": null, "pdfmaps_photos": null, "Photo Name": null, "Photo Date": null, "Photo Timestamp": null, "Photo Location": null, "Photo Altitude": null, "Photo Orientation": null, "Device Type": null }, "geometry": { "type": "Point", "coordinates": [ -40.013017161657402, -18.153799576247199, 0.0 ] } },
{ "type": "Feature", "properties": { "Name": "MIAMI 01 - 540", "description": null, "timestamp": "2021-07-26T09:48:13-03:00", "begin": null, "end": null, "altitudeMode": null, "tessellate": -1, "extrude": 0, "visibility": -1, "drawOrder": null, "icon": null, "pdfmaps_photos": null, "Photo Name": null, "Photo Date": null, "Photo Timestamp": null, "Photo Location": null, "Photo Altitude": null, "Photo Orientation": null, "Device Type": null }, "geometry": { "type": "Point", "coordinates": [ -40.067011083340297, -18.538528835587499, 0.0 ] } },
{ "type": "Feature", "properties": { "Name": "MILAGROSA - 5738", "description": "Northing:7974665.3604488\nEasting:396160.126495551\nDescription:", "timestamp": "2021-06-10T14:21:45-03:00", "begin": null, "end": null, "altitudeMode": null, "tessellate": -1, "extrude": 0, "visibility": -1, "drawOrder": null, "icon": null, "pdfmaps_photos": null, "Photo Name": null, "Photo Date": null, "Photo Timestamp": null, "Photo Location": null, "Photo Altitude": null, "Photo Orientation": null, "Device Type": null }, "geometry": { "type": "Point", "coordinates": [ -39.982614225197302, -18.315165617957401, 0.0 ] } },
{ "type": "Feature", "properties": { "Name": "MODELO - 8583", "description": null, "timestamp": "2021-07-23T12:38:16-03:00", "begin": null, "end": null, "altitudeMode": null, "tessellate": -1, "extrude": 0, "visibility": -1, "drawOrder": null, "icon": null, "pdfmaps_photos": null, "Photo Name": null, "Photo Date": null, "Photo Timestamp": null, "Photo Location": null, "Photo Altitude": null, "Photo Orientation": null, "Device Type": null }, "geometry": { "type": "Point", "coordinates": [ -40.0405350457916, -18.501490726050299, 0.0 ] } },
{ "type": "Feature", "properties": { "Name": "NENZINHO - 1759", "description": null, "timestamp": "2021-07-23T16:44:43-03:00", "begin": null, "end": null, "altitudeMode": null, "tessellate": -1, "extrude": 0, "visibility": -1, "drawOrder": null, "icon": null, "pdfmaps_photos": null, "Photo Name": null, "Photo Date": null, "Photo Timestamp": null, "Photo Location": null, "Photo Altitude": null, "Photo Orientation": null, "Device Type": null }, "geometry": { "type": "Point", "coordinates": [ -40.035265674651299, -18.398754942655199, 0.0 ] } },
{ "type": "Feature", "properties": { "Name": "NOLAÇO - 5967", "description": null, "timestamp": "2021-07-26T08:15:41-03:00", "begin": null, "end": null, "altitudeMode": null, "tessellate": -1, "extrude": 0, "visibility": -1, "drawOrder": null, "icon": null, "pdfmaps_photos": null, "Photo Name": null, "Photo Date": null, "Photo Timestamp": null, "Photo Location": null, "Photo Altitude": null, "Photo Orientation": null, "Device Type": null }, "geometry": { "type": "Point", "coordinates": [ -40.093873004466303, -18.361230224959399, 0.0 ] } },
{ "type": "Feature", "properties": { "Name": "NOVA AMÉRICA - 4341", "description": null, "timestamp": "2021-07-22T12:53:24-03:00", "begin": null, "end": null, "altitudeMode": null, "tessellate": -1, "extrude": 0, "visibility": -1, "drawOrder": null, "icon": null, "pdfmaps_photos": null, "Photo Name": null, "Photo Date": null, "Photo Timestamp": null, "Photo Location": null, "Photo Altitude": null, "Photo Orientation": null, "Device Type": null }, "geometry": { "type": "Point", "coordinates": [ -40.090596224284802, -18.110090359354999, 0.0 ] } },
{ "type": "Feature", "properties": { "Name": "NOVA AMÉRICA - 7781", "description": null, "timestamp": "2021-07-22T12:48:55-03:00", "begin": null, "end": null, "altitudeMode": null, "tessellate": -1, "extrude": 0, "visibility": -1, "drawOrder": null, "icon": null, "pdfmaps_photos": null, "Photo Name": null, "Photo Date": null, "Photo Timestamp": null, "Photo Location": null, "Photo Altitude": null, "Photo Orientation": null, "Device Type": null }, "geometry": { "type": "Point", "coordinates": [ -40.084697403956199, -18.094970740727199, 0.0 ] } },
{ "type": "Feature", "properties": { "Name": "NOVA LIMA - 361", "description": null, "timestamp": "2021-07-23T12:37:46-03:00", "begin": null, "end": null, "altitudeMode": null, "tessellate": -1, "extrude": 0, "visibility": -1, "drawOrder": null, "icon": null, "pdfmaps_photos": null, "Photo Name": null, "Photo Date": null, "Photo Timestamp": null, "Photo Location": null, "Photo Altitude": null, "Photo Orientation": null, "Device Type": null }, "geometry": { "type": "Point", "coordinates": [ -40.005543322307098, -18.4979145513772, 0.0 ] } },
{ "type": "Feature", "properties": { "Name": "NOVO ACHADO - 6980", "description": null, "timestamp": "2021-07-22T11:19:22-03:00", "begin": null, "end": null, "altitudeMode": null, "tessellate": -1, "extrude": 0, "visibility": -1, "drawOrder": null, "icon": null, "pdfmaps_photos": null, "Photo Name": null, "Photo Date": null, "Photo Timestamp": null, "Photo Location": null, "Photo Altitude": null, "Photo Orientation": null, "Device Type": null }, "geometry": { "type": "Point", "coordinates": [ -40.050961068231601, -18.081350330331102, 0.0 ] } },
{ "type": "Feature", "properties": { "Name": "NOVO BALÃO -  2020", "description": "Northing:7982098.03855467\nEasting:396275.321379283\nDescription:", "timestamp": "2021-06-10T14:12:50-03:00", "begin": null, "end": null, "altitudeMode": null, "tessellate": -1, "extrude": 0, "visibility": -1, "drawOrder": null, "icon": null, "pdfmaps_photos": null, "Photo Name": null, "Photo Date": null, "Photo Timestamp": null, "Photo Location": null, "Photo Altitude": null, "Photo Orientation": null, "Device Type": null }, "geometry": { "type": "Point", "coordinates": [ -39.981146472901102, -18.248001796459601, 0.0 ] } },
{ "type": "Feature", "properties": { "Name": "NOVO BALÃO -  2411", "description": "Northing:7981109.5765746\nEasting:395774.609102253\nDescription:", "timestamp": "2021-06-10T14:15:19-03:00", "begin": null, "end": null, "altitudeMode": null, "tessellate": -1, "extrude": 0, "visibility": -1, "drawOrder": null, "icon": null, "pdfmaps_photos": null, "Photo Name": null, "Photo Date": null, "Photo Timestamp": null, "Photo Location": null, "Photo Altitude": null, "Photo Orientation": null, "Device Type": null }, "geometry": { "type": "Point", "coordinates": [ -39.985932658705899, -18.256910260005199, 0.0 ] } },
{ "type": "Feature", "properties": { "Name": "NOVO BALÃO - 5860", "description": "Northing:7983748.37695929\nEasting:395986.549922573\nDescription:", "timestamp": "2021-06-10T13:38:57-03:00", "begin": null, "end": null, "altitudeMode": null, "tessellate": -1, "extrude": 0, "visibility": -1, "drawOrder": null, "icon": null, "pdfmaps_photos": null, "Photo Name": null, "Photo Date": null, "Photo Timestamp": null, "Photo Location": null, "Photo Altitude": null, "Photo Orientation": null, "Device Type": null }, "geometry": { "type": "Point", "coordinates": [ -39.983793808380099, -18.233073551059402, 0.0 ] } },
{ "type": "Feature", "properties": { "Name": "NOVO BALÃO - 6858", "description": "Northing:7982659.12927729\nEasting:395852.340708307\nDescription:", "timestamp": "2021-06-10T13:43:55-03:00", "begin": null, "end": null, "altitudeMode": null, "tessellate": -1, "extrude": 0, "visibility": -1, "drawOrder": null, "icon": null, "pdfmaps_photos": null, "Photo Name": null, "Photo Date": null, "Photo Timestamp": null, "Photo Location": null, "Photo Altitude": null, "Photo Orientation": null, "Device Type": null }, "geometry": { "type": "Point", "coordinates": [ -39.985118502721598, -18.242910641749699, 0.0 ] } },
{ "type": "Feature", "properties": { "Name": "NOVO BALÃO III - 6297", "description": "Northing:7981000.59168685\nEasting:394674.772661736\nDescription:", "timestamp": "2021-06-10T14:16:14-03:00", "begin": null, "end": null, "altitudeMode": null, "tessellate": -1, "extrude": 0, "visibility": -1, "drawOrder": null, "icon": null, "pdfmaps_photos": null, "Photo Name": null, "Photo Date": null, "Photo Timestamp": null, "Photo Location": null, "Photo Altitude": null, "Photo Orientation": null, "Device Type": null }, "geometry": { "type": "Point", "coordinates": [ -39.996341159321098, -18.257841290235401, 0.0 ] } },
{ "type": "Feature", "properties": { "Name": "PALMEIRA - 9881", "description": null, "timestamp": "2021-07-22T11:19:53-03:00", "begin": null, "end": null, "altitudeMode": null, "tessellate": -1, "extrude": 0, "visibility": -1, "drawOrder": null, "icon": null, "pdfmaps_photos": null, "Photo Name": null, "Photo Date": null, "Photo Timestamp": null, "Photo Location": null, "Photo Altitude": null, "Photo Orientation": null, "Device Type": null }, "geometry": { "type": "Point", "coordinates": [ -40.054413762226403, -18.080964371811199, 0.0 ] } },
{ "type": "Feature", "properties": { "Name": "PALMEIRAS - 7706", "description": null, "timestamp": "2021-07-26T08:16:13-03:00", "begin": null, "end": null, "altitudeMode": null, "tessellate": -1, "extrude": 0, "visibility": -1, "drawOrder": null, "icon": null, "pdfmaps_photos": null, "Photo Name": null, "Photo Date": null, "Photo Timestamp": null, "Photo Location": null, "Photo Altitude": null, "Photo Orientation": null, "Device Type": null }, "geometry": { "type": "Point", "coordinates": [ -40.096153503480998, -18.368626117772202, 0.0 ] } },
{ "type": "Feature", "properties": { "Name": "PALMEIRAS - 8699", "description": "Northing:7971992.24416359\nEasting:401335.820579616\nDescription:", "timestamp": "2021-06-10T14:25:00-03:00", "begin": null, "end": null, "altitudeMode": null, "tessellate": -1, "extrude": 0, "visibility": -1, "drawOrder": null, "icon": null, "pdfmaps_photos": null, "Photo Name": null, "Photo Date": null, "Photo Timestamp": null, "Photo Location": null, "Photo Altitude": null, "Photo Orientation": null, "Device Type": null }, "geometry": { "type": "Point", "coordinates": [ -39.933772294912103, -18.339568720283101, 0.0 ] } },
{ "type": "Feature", "properties": { "Name": "PAMPULHA II - 8176", "description": "Northing:7999875.93228149\nEasting:389527.992622416\nDescription:", "timestamp": "2021-06-10T12:43:44-03:00", "begin": null, "end": null, "altitudeMode": null, "tessellate": -1, "extrude": 0, "visibility": -1, "drawOrder": null, "icon": null, "pdfmaps_photos": null, "Photo Name": null, "Photo Date": null, "Photo Timestamp": null, "Photo Location": null, "Photo Altitude": null, "Photo Orientation": null, "Device Type": null }, "geometry": { "type": "Point", "coordinates": [ -40.0428627229022, -18.0719700136573, 0.0 ] } },
{ "type": "Feature", "properties": { "Name": "PANORAMA - 884", "description": "Northing:7967764.67806336\nEasting:408110.810728401\nDescription:", "timestamp": "2021-06-10T14:32:26-03:00", "begin": null, "end": null, "altitudeMode": null, "tessellate": -1, "extrude": 0, "visibility": -1, "drawOrder": null, "icon": null, "pdfmaps_photos": null, "Photo Name": null, "Photo Date": null, "Photo Timestamp": null, "Photo Location": null, "Photo Altitude": null, "Photo Orientation": null, "Device Type": null }, "geometry": { "type": "Point", "coordinates": [ -39.8698497520571, -18.378077532178001, 0.0 ] } },
{ "type": "Feature", "properties": { "Name": "PARAISO - 7170", "description": "Northing:7947567.43813769\nEasting:405571.549107269\nDescription:", "timestamp": "2021-06-10T15:04:24-03:00", "begin": null, "end": null, "altitudeMode": null, "tessellate": -1, "extrude": 0, "visibility": -1, "drawOrder": null, "icon": null, "pdfmaps_photos": null, "Photo Name": null, "Photo Date": null, "Photo Timestamp": null, "Photo Location": null, "Photo Altitude": null, "Photo Orientation": null, "Device Type": null }, "geometry": { "type": "Point", "coordinates": [ -39.894830956386102, -18.560490449511502, 0.0 ] } },
{ "type": "Feature", "properties": { "Name": "PARAISO II - 2381", "description": "Northing:7981178.05349485\nEasting:393827.910563566\nDescription:", "timestamp": "2021-06-10T14:16:56-03:00", "begin": null, "end": null, "altitudeMode": null, "tessellate": -1, "extrude": 0, "visibility": -1, "drawOrder": null, "icon": null, "pdfmaps_photos": null, "Photo Name": null, "Photo Date": null, "Photo Timestamp": null, "Photo Location": null, "Photo Altitude": null, "Photo Orientation": null, "Device Type": null }, "geometry": { "type": "Point", "coordinates": [ -40.004342068790699, -18.256195701410199, 0.0 ] } },
{ "type": "Feature", "properties": { "Name": "PECANA - 8672", "description": "Northing:7974160.20196508\nEasting:400778.035649017\nDescription:", "timestamp": "2021-06-10T14:22:55-03:00", "begin": null, "end": null, "altitudeMode": null, "tessellate": -1, "extrude": 0, "visibility": -1, "drawOrder": null, "icon": null, "pdfmaps_photos": null, "Photo Name": null, "Photo Date": null, "Photo Timestamp": null, "Photo Location": null, "Photo Altitude": null, "Photo Orientation": null, "Device Type": null }, "geometry": { "type": "Point", "coordinates": [ -39.949043719558297, -18.325326263521401, 0.0 ] } },
{ "type": "Feature", "properties": { "Name": "PEDRA AZUL - 5975", "description": "Northing:7987103.88289236\nEasting:392823.085047722\nDescription:", "timestamp": "2021-06-10T13:41:46-03:00", "begin": null, "end": null, "altitudeMode": null, "tessellate": -1, "extrude": 0, "visibility": -1, "drawOrder": null, "icon": null, "pdfmaps_photos": null, "Photo Name": null, "Photo Date": null, "Photo Timestamp": null, "Photo Location": null, "Photo Altitude": null, "Photo Orientation": null, "Device Type": null }, "geometry": { "type": "Point", "coordinates": [ -40.0135360027557, -18.202593860792899, 0.0 ] } },
{ "type": "Feature", "properties": { "Name": "PINHEIROS - 7901", "description": null, "timestamp": "2021-07-23T16:42:01-03:00", "begin": null, "end": null, "altitudeMode": null, "tessellate": -1, "extrude": 0, "visibility": -1, "drawOrder": null, "icon": null, "pdfmaps_photos": null, "Photo Name": null, "Photo Date": null, "Photo Timestamp": null, "Photo Location": null, "Photo Altitude": null, "Photo Orientation": null, "Device Type": null }, "geometry": { "type": "Point", "coordinates": [ -40.133944853973702, -18.084504657924299, 0.0 ] } },
{ "type": "Feature", "properties": { "Name": "PLANALTO I - 841", "description": null, "timestamp": "2021-07-26T08:14:24-03:00", "begin": null, "end": null, "altitudeMode": null, "tessellate": -1, "extrude": 0, "visibility": -1, "drawOrder": null, "icon": null, "pdfmaps_photos": null, "Photo Name": null, "Photo Date": null, "Photo Timestamp": null, "Photo Location": null, "Photo Altitude": null, "Photo Orientation": null, "Device Type": null }, "geometry": { "type": "Point", "coordinates": [ -40.077611991723501, -18.401318836546601, 0.0 ] } },
{ "type": "Feature", "properties": { "Name": "PLANALTO II - 906", "description": null, "timestamp": "2021-07-23T16:46:00-03:00", "begin": null, "end": null, "altitudeMode": null, "tessellate": -1, "extrude": 0, "visibility": -1, "drawOrder": null, "icon": null, "pdfmaps_photos": null, "Photo Name": null, "Photo Date": null, "Photo Timestamp": null, "Photo Location": null, "Photo Altitude": null, "Photo Orientation": null, "Device Type": null }, "geometry": { "type": "Point", "coordinates": [ -40.065439790372402, -18.387254568121602, 0.0 ] } },
{ "type": "Feature", "properties": { "Name": "PLANALTO III - 1210", "description": null, "timestamp": "2021-07-26T08:14:48-03:00", "begin": null, "end": null, "altitudeMode": null, "tessellate": -1, "extrude": 0, "visibility": -1, "drawOrder": null, "icon": null, "pdfmaps_photos": null, "Photo Name": null, "Photo Date": null, "Photo Timestamp": null, "Photo Location": null, "Photo Altitude": null, "Photo Orientation": null, "Device Type": null }, "geometry": { "type": "Point", "coordinates": [ -40.084749096283701, -18.382098198733502, 0.0 ] } },
{ "type": "Feature", "properties": { "Name": "PLANALTO IV - 1791", "description": null, "timestamp": "2021-07-23T16:45:24-03:00", "begin": null, "end": null, "altitudeMode": null, "tessellate": -1, "extrude": 0, "visibility": -1, "drawOrder": null, "icon": null, "pdfmaps_photos": null, "Photo Name": null, "Photo Date": null, "Photo Timestamp": null, "Photo Location": null, "Photo Altitude": null, "Photo Orientation": null, "Device Type": null }, "geometry": { "type": "Point", "coordinates": [ -40.051513884732799, -18.3861362714702, 0.0 ] } },
{ "type": "Feature", "properties": { "Name": "PLANALTO V - 2747", "description": null, "timestamp": "2021-07-22T12:01:11-03:00", "begin": null, "end": null, "altitudeMode": null, "tessellate": -1, "extrude": 0, "visibility": -1, "drawOrder": null, "icon": null, "pdfmaps_photos": null, "Photo Name": null, "Photo Date": null, "Photo Timestamp": null, "Photo Location": null, "Photo Altitude": null, "Photo Orientation": null, "Device Type": null }, "geometry": { "type": "Point", "coordinates": [ -40.039060008224403, -18.3852912288284, 0.0 ] } },
{ "type": "Feature", "properties": { "Name": "PLANALTO VI - 3026", "description": null, "timestamp": "2021-07-23T16:46:32-03:00", "begin": null, "end": null, "altitudeMode": null, "tessellate": -1, "extrude": 0, "visibility": -1, "drawOrder": null, "icon": null, "pdfmaps_photos": null, "Photo Name": null, "Photo Date": null, "Photo Timestamp": null, "Photo Location": null, "Photo Altitude": null, "Photo Orientation": null, "Device Type": null }, "geometry": { "type": "Point", "coordinates": [ -40.050592281252598, -18.3727150073078, 0.0 ] } },
{ "type": "Feature", "properties": { "Name": "PLANALTO VII-3069", "description": "Northing:7971583.80296493\nEasting:387656.476381979\nDescription:", "timestamp": "2021-06-10T12:28:02-03:00", "begin": null, "end": null, "altitudeMode": null, "tessellate": -1, "extrude": 0, "visibility": -1, "drawOrder": null, "icon": null, "pdfmaps_photos": null, "Photo Name": null, "Photo Date": null, "Photo Timestamp": null, "Photo Location": null, "Photo Altitude": null, "Photo Orientation": null, "Device Type": null }, "geometry": { "type": "Point", "coordinates": [ -40.063242776776796, -18.3425817923831, 0.0 ] } },
{ "type": "Feature", "properties": { "Name": "PLANALTO VIII-5835", "description": "Northing:7974273.5383257\nEasting:387843.05969186\nDescription:", "timestamp": "2021-06-09T08:56:31-03:00", "begin": null, "end": null, "altitudeMode": null, "tessellate": -1, "extrude": 0, "visibility": -1, "drawOrder": null, "icon": null, "pdfmaps_photos": null, "Photo Name": null, "Photo Date": null, "Photo Timestamp": null, "Photo Location": null, "Photo Altitude": null, "Photo Orientation": null, "Device Type": null }, "geometry": { "type": "Point", "coordinates": [ -40.061328839054497, -18.318285111828299, 0.0 ] } },
{ "type": "Feature", "properties": { "Name": "POLIAGRO - 2283", "description": null, "timestamp": "2021-07-23T12:36:13-03:00", "begin": null, "end": null, "altitudeMode": null, "tessellate": -1, "extrude": 0, "visibility": -1, "drawOrder": null, "icon": null, "pdfmaps_photos": null, "Photo Name": null, "Photo Date": null, "Photo Timestamp": null, "Photo Location": null, "Photo Altitude": null, "Photo Orientation": null, "Device Type": null }, "geometry": { "type": "Point", "coordinates": [ -40.087599609049597, -18.152215679564801, 0.0 ] } },
{ "type": "Feature", "properties": { "Name": "PRIMAVERA - 1406", "description": "Northing:7987403.26113511\nEasting:394301.463885139\nDescription:", "timestamp": "2021-06-10T13:23:03-03:00", "begin": null, "end": null, "altitudeMode": null, "tessellate": -1, "extrude": 0, "visibility": -1, "drawOrder": null, "icon": null, "pdfmaps_photos": null, "Photo Name": null, "Photo Date": null, "Photo Timestamp": null, "Photo Location": null, "Photo Altitude": null, "Photo Orientation": null, "Device Type": null }, "geometry": { "type": "Point", "coordinates": [ -39.999541620148399, -18.1999616838165, 0.0 ] } },
{ "type": "Feature", "properties": { "Name": "PRIMAVERA - 5495", "description": null, "timestamp": "2021-07-23T12:34:57-03:00", "begin": null, "end": null, "altitudeMode": null, "tessellate": -1, "extrude": 0, "visibility": -1, "drawOrder": null, "icon": null, "pdfmaps_photos": null, "Photo Name": null, "Photo Date": null, "Photo Timestamp": null, "Photo Location": null, "Photo Altitude": null, "Photo Orientation": null, "Device Type": null }, "geometry": { "type": "Point", "coordinates": [ -40.100781388182199, -18.1418316739449, 0.0 ] } },
{ "type": "Feature", "properties": { "Name": "PROGRESSO II - 3603", "description": null, "timestamp": "2021-07-26T09:54:44-03:00", "begin": null, "end": null, "altitudeMode": null, "tessellate": -1, "extrude": 0, "visibility": -1, "drawOrder": null, "icon": null, "pdfmaps_photos": null, "Photo Name": null, "Photo Date": null, "Photo Timestamp": null, "Photo Location": null, "Photo Altitude": null, "Photo Orientation": null, "Device Type": null }, "geometry": { "type": "Point", "coordinates": [ -40.156985625494002, -18.445699849264798, 0.0 ] } },
{ "type": "Feature", "properties": { "Name": "PROJETO 01 - 19", "description": "Northing:7955801.35947234\nEasting:403020.064754259\nDescription:", "timestamp": "2021-06-10T15:01:03-03:00", "begin": null, "end": null, "altitudeMode": null, "tessellate": -1, "extrude": 0, "visibility": -1, "drawOrder": null, "icon": null, "pdfmaps_photos": null, "Photo Name": null, "Photo Date": null, "Photo Timestamp": null, "Photo Location": null, "Photo Altitude": null, "Photo Orientation": null, "Device Type": null }, "geometry": { "type": "Point", "coordinates": [ -39.918609865671897, -18.485964502644499, 0.0 ] } },
{ "type": "Feature", "properties": { "Name": "PROJETO 02 - 27", "description": "Northing:7956219.05829752\nEasting:402588.237938368\nDescription:", "timestamp": "2021-06-10T14:59:51-03:00", "begin": null, "end": null, "altitudeMode": null, "tessellate": -1, "extrude": 0, "visibility": -1, "drawOrder": null, "icon": null, "pdfmaps_photos": null, "Photo Name": null, "Photo Date": null, "Photo Timestamp": null, "Photo Location": null, "Photo Altitude": null, "Photo Orientation": null, "Device Type": null }, "geometry": { "type": "Point", "coordinates": [ -39.922679609898097, -18.4821698721498, 0.0 ] } },
{ "type": "Feature", "properties": { "Name": "PROJETO 03 - 35", "description": "Northing:7956988.28468335\nEasting:402555.197501984\nDescription:", "timestamp": "2021-06-10T15:06:33-03:00", "begin": null, "end": null, "altitudeMode": null, "tessellate": -1, "extrude": 0, "visibility": -1, "drawOrder": null, "icon": null, "pdfmaps_photos": null, "Photo Name": null, "Photo Date": null, "Photo Timestamp": null, "Photo Location": null, "Photo Altitude": null, "Photo Orientation": null, "Device Type": null }, "geometry": { "type": "Point", "coordinates": [ -39.922955337511603, -18.4752168412349, 0.0 ] } },
{ "type": "Feature", "properties": { "Name": "PROJETO 04 - 78", "description": "Northing:7957387.59429732\nEasting:402593.374106429\nDescription:", "timestamp": "2021-06-10T15:07:26-03:00", "begin": null, "end": null, "altitudeMode": null, "tessellate": -1, "extrude": 0, "visibility": -1, "drawOrder": null, "icon": null, "pdfmaps_photos": null, "Photo Name": null, "Photo Date": null, "Photo Timestamp": null, "Photo Location": null, "Photo Altitude": null, "Photo Orientation": null, "Device Type": null }, "geometry": { "type": "Point", "coordinates": [ -39.9225744830634, -18.471610034975399, 0.0 ] } },
{ "type": "Feature", "properties": { "Name": "PROJETO 05 - 86", "description": "Northing:7957902.609433\nEasting:402482.584537684\nDescription:", "timestamp": "2021-06-10T15:07:58-03:00", "begin": null, "end": null, "altitudeMode": null, "tessellate": -1, "extrude": 0, "visibility": -1, "drawOrder": null, "icon": null, "pdfmaps_photos": null, "Photo Name": null, "Photo Date": null, "Photo Timestamp": null, "Photo Location": null, "Photo Altitude": null, "Photo Orientation": null, "Device Type": null }, "geometry": { "type": "Point", "coordinates": [ -39.923598802140198, -18.466950723306599, 0.0 ] } },
{ "type": "Feature", "properties": { "Name": "PROJETO 06 - 94", "description": "Northing:7958547.01664314\nEasting:401931.656974378\nDescription:", "timestamp": "2021-06-12T14:41:00-03:00", "begin": null, "end": null, "altitudeMode": null, "tessellate": -1, "extrude": 0, "visibility": -1, "drawOrder": null, "icon": null, "pdfmaps_photos": null, "Photo Name": null, "Photo Date": null, "Photo Timestamp": null, "Photo Location": null, "Photo Altitude": null, "Photo Orientation": null, "Device Type": null }, "geometry": { "type": "Point", "coordinates": [ -39.928784863623903, -18.4611017138932, 0.0 ] } },
{ "type": "Feature", "properties": { "Name": "PROJETO 07 - 43", "description": "Northing:7959103.31145841\nEasting:402694.145207733\nDescription:", "timestamp": "2021-06-10T15:20:58-03:00", "begin": null, "end": null, "altitudeMode": null, "tessellate": -1, "extrude": 0, "visibility": -1, "drawOrder": null, "icon": null, "pdfmaps_photos": null, "Photo Name": null, "Photo Date": null, "Photo Timestamp": null, "Photo Location": null, "Photo Altitude": null, "Photo Orientation": null, "Device Type": null }, "geometry": { "type": "Point", "coordinates": [ -39.921537357810799, -18.456109696140601, 0.0 ] } },
{ "type": "Feature", "properties": { "Name": "PROJETO 08 - 51", "description": "Northing:7960086.38390203\nEasting:403566.406349938\nDescription:", "timestamp": "2021-06-10T15:19:09-03:00", "begin": null, "end": null, "altitudeMode": null, "tessellate": -1, "extrude": 0, "visibility": -1, "drawOrder": null, "icon": null, "pdfmaps_photos": null, "Photo Name": null, "Photo Date": null, "Photo Timestamp": null, "Photo Location": null, "Photo Altitude": null, "Photo Orientation": null, "Device Type": null }, "geometry": { "type": "Point", "coordinates": [ -39.913230398196298, -18.4472655720711, 0.0 ] } },
{ "type": "Feature", "properties": { "Name": "PROJETO 10 - 108", "description": "Northing:7959655.1092389\nEasting:400904.686079352\nDescription:", "timestamp": "2021-06-10T15:17:59-03:00", "begin": null, "end": null, "altitudeMode": null, "tessellate": -1, "extrude": 0, "visibility": -1, "drawOrder": null, "icon": null, "pdfmaps_photos": null, "Photo Name": null, "Photo Date": null, "Photo Timestamp": null, "Photo Location": null, "Photo Altitude": null, "Photo Orientation": null, "Device Type": null }, "geometry": { "type": "Point", "coordinates": [ -39.9384557180339, -18.451039997490501, 0.0 ] } },
{ "type": "Feature", "properties": { "Name": "PROJETO 11 - 116", "description": "Northing:7958597.66565502\nEasting:401187.795484739\nDescription:", "timestamp": "2021-06-10T15:20:22-03:00", "begin": null, "end": null, "altitudeMode": null, "tessellate": -1, "extrude": 0, "visibility": -1, "drawOrder": null, "icon": null, "pdfmaps_photos": null, "Photo Name": null, "Photo Date": null, "Photo Timestamp": null, "Photo Location": null, "Photo Altitude": null, "Photo Orientation": null, "Device Type": null }, "geometry": { "type": "Point", "coordinates": [ -39.935826649916002, -18.460609358485002, 0.0 ] } },
{ "type": "Feature", "properties": { "Name": "PROJETO 12 - 112", "description": "Northing:7958035.35810216\nEasting:400175.747604995\nDescription:", "timestamp": "2021-06-12T14:47:53-03:00", "begin": null, "end": null, "altitudeMode": null, "tessellate": -1, "extrude": 0, "visibility": -1, "drawOrder": null, "icon": null, "pdfmaps_photos": null, "Photo Name": null, "Photo Date": null, "Photo Timestamp": null, "Photo Location": null, "Photo Altitude": null, "Photo Orientation": null, "Device Type": null }, "geometry": { "type": "Point", "coordinates": [ -39.945438384746303, -18.465643364350399, 0.0 ] } },
{ "type": "Feature", "properties": { "Name": "PROJETO 15 - 159", "description": "Northing:7960858.49923716\nEasting:400335.892384962\nDescription:", "timestamp": "2021-06-10T15:16:52-03:00", "begin": null, "end": null, "altitudeMode": null, "tessellate": -1, "extrude": 0, "visibility": -1, "drawOrder": null, "icon": null, "pdfmaps_photos": null, "Photo Name": null, "Photo Date": null, "Photo Timestamp": null, "Photo Location": null, "Photo Altitude": null, "Photo Orientation": null, "Device Type": null }, "geometry": { "type": "Point", "coordinates": [ -39.943782394126998, -18.4401382522978, 0.0 ] } },
{ "type": "Feature", "properties": { "Name": "PROJETO 16 - 167", "description": "Northing:7960146.68412012\nEasting:400313.479861959\nDescription:", "timestamp": "2021-06-10T15:17:26-03:00", "begin": null, "end": null, "altitudeMode": null, "tessellate": -1, "extrude": 0, "visibility": -1, "drawOrder": null, "icon": null, "pdfmaps_photos": null, "Photo Name": null, "Photo Date": null, "Photo Timestamp": null, "Photo Location": null, "Photo Altitude": null, "Photo Orientation": null, "Device Type": null }, "geometry": { "type": "Point", "coordinates": [ -39.944029747123103, -18.446569862051401, 0.0 ] } },
{ "type": "Feature", "properties": { "Name": "PROJETO 17 - 175", "description": "Northing:7959385.4436431\nEasting:399368.973934224\nDescription:", "timestamp": "2021-06-10T15:18:30-03:00", "begin": null, "end": null, "altitudeMode": null, "tessellate": -1, "extrude": 0, "visibility": -1, "drawOrder": null, "icon": null, "pdfmaps_photos": null, "Photo Name": null, "Photo Date": null, "Photo Timestamp": null, "Photo Location": null, "Photo Altitude": null, "Photo Orientation": null, "Device Type": null }, "geometry": { "type": "Point", "coordinates": [ -39.9530112430636, -18.453404446657199, 0.0 ] } },
{ "type": "Feature", "properties": { "Name": "PROJETO 19 - 311", "description": "Northing:7961125.14309219\nEasting:401257.074198989\nDescription:", "timestamp": "2021-06-10T15:16:17-03:00", "begin": null, "end": null, "altitudeMode": null, "tessellate": -1, "extrude": 0, "visibility": -1, "drawOrder": null, "icon": null, "pdfmaps_photos": null, "Photo Name": null, "Photo Date": null, "Photo Timestamp": null, "Photo Location": null, "Photo Altitude": null, "Photo Orientation": null, "Device Type": null }, "geometry": { "type": "Point", "coordinates": [ -39.935046968174902, -18.437771765732201, 0.0 ] } },
{ "type": "Feature", "properties": { "Name": "PROJETO 20 - 329", "description": "Northing:7957959.88881406\nEasting:399519.187862984\nDescription:", "timestamp": "2021-06-12T14:47:07-03:00", "begin": null, "end": null, "altitudeMode": null, "tessellate": -1, "extrude": 0, "visibility": -1, "drawOrder": null, "icon": null, "pdfmaps_photos": null, "Photo Name": null, "Photo Date": null, "Photo Timestamp": null, "Photo Location": null, "Photo Altitude": null, "Photo Orientation": null, "Device Type": null }, "geometry": { "type": "Point", "coordinates": [ -39.951659811162202, -18.466294261310601, 0.0 ] } },
{ "type": "Feature", "properties": { "Name": "PROJETO 21 - 191", "description": "Northing:7957819.43744351\nEasting:398283.141455312\nDescription:", "timestamp": "2021-06-12T14:51:50-03:00", "begin": null, "end": null, "altitudeMode": null, "tessellate": -1, "extrude": 0, "visibility": -1, "drawOrder": null, "icon": null, "pdfmaps_photos": null, "Photo Name": null, "Photo Date": null, "Photo Timestamp": null, "Photo Location": null, "Photo Altitude": null, "Photo Orientation": null, "Device Type": null }, "geometry": { "type": "Point", "coordinates": [ -39.963372353132499, -18.467504375426898, 0.0 ] } },
{ "type": "Feature", "properties": { "Name": "PROJETO 22 - 205", "description": "Northing:7957853.59643176\nEasting:397210.65790983\nDescription:", "timestamp": "2021-06-12T14:51:18-03:00", "begin": null, "end": null, "altitudeMode": null, "tessellate": -1, "extrude": 0, "visibility": -1, "drawOrder": null, "icon": null, "pdfmaps_photos": null, "Photo Name": null, "Photo Date": null, "Photo Timestamp": null, "Photo Location": null, "Photo Altitude": null, "Photo Orientation": null, "Device Type": null }, "geometry": { "type": "Point", "coordinates": [ -39.973527154616399, -18.467143787027801, 0.0 ] } },
{ "type": "Feature", "properties": { "Name": "PROJETO 23 - 213", "description": "Northing:7957450.22575318\nEasting:399002.682673308\nDescription:", "timestamp": "2021-06-10T15:29:10-03:00", "begin": null, "end": null, "altitudeMode": null, "tessellate": -1, "extrude": 0, "visibility": -1, "drawOrder": null, "icon": null, "pdfmaps_photos": null, "Photo Name": null, "Photo Date": null, "Photo Timestamp": null, "Photo Location": null, "Photo Altitude": null, "Photo Orientation": null, "Device Type": null }, "geometry": { "type": "Point", "coordinates": [ -39.956576690875899, -18.4708754296996, 0.0 ] } },
{ "type": "Feature", "properties": { "Name": "PROJETO 24 - 221", "description": "Northing:7957185.07208049\nEasting:400024.871006688\nDescription:", "timestamp": "2021-06-12T14:46:11-03:00", "begin": null, "end": null, "altitudeMode": null, "tessellate": -1, "extrude": 0, "visibility": -1, "drawOrder": null, "icon": null, "pdfmaps_photos": null, "Photo Name": null, "Photo Date": null, "Photo Timestamp": null, "Photo Location": null, "Photo Altitude": null, "Photo Orientation": null, "Device Type": null }, "geometry": { "type": "Point", "coordinates": [ -39.946909360374597, -18.473320229967101, 0.0 ] } },
{ "type": "Feature", "properties": { "Name": "PROJETO 25 - 230", "description": "Northing:7956333.46079373\nEasting:399141.929719615\nDescription:", "timestamp": "2021-06-12T14:45:02-03:00", "begin": null, "end": null, "altitudeMode": null, "tessellate": -1, "extrude": 0, "visibility": -1, "drawOrder": null, "icon": null, "pdfmaps_photos": null, "Photo Name": null, "Photo Date": null, "Photo Timestamp": null, "Photo Location": null, "Photo Altitude": null, "Photo Orientation": null, "Device Type": null }, "geometry": { "type": "Point", "coordinates": [ -39.955313862941999, -18.480974206622399, 0.0 ] } },
{ "type": "Feature", "properties": { "Name": "PROJETO 26 - 337", "description": "Northing:7956707.18341053\nEasting:399983.300684204\nDescription:", "timestamp": "2021-06-12T14:48:16-03:00", "begin": null, "end": null, "altitudeMode": null, "tessellate": -1, "extrude": 0, "visibility": -1, "drawOrder": null, "icon": null, "pdfmaps_photos": null, "Photo Name": null, "Photo Date": null, "Photo Timestamp": null, "Photo Location": null, "Photo Altitude": null, "Photo Orientation": null, "Device Type": null }, "geometry": { "type": "Point", "coordinates": [ -39.947326767682497, -18.477636917954602, 0.0 ] } },
{ "type": "Feature", "properties": { "Name": "PROJETO 27 - 248", "description": "Northing:7957600.29726371\nEasting:401390.275223036\nDescription:", "timestamp": "2021-06-12T14:40:09-03:00", "begin": null, "end": null, "altitudeMode": null, "tessellate": -1, "extrude": 0, "visibility": -1, "drawOrder": null, "icon": null, "pdfmaps_photos": null, "Photo Name": null, "Photo Date": null, "Photo Timestamp": null, "Photo Location": null, "Photo Altitude": null, "Photo Orientation": null, "Device Type": null }, "geometry": { "type": "Point", "coordinates": [ -39.933957968085302, -18.469632025862399, 0.0 ] } },
{ "type": "Feature", "properties": { "Name": "PROJETO 28 - 256", "description": "Northing:7956761.88249439\nEasting:401300.308997039\nDescription:", "timestamp": "2021-06-12T14:39:48-03:00", "begin": null, "end": null, "altitudeMode": null, "tessellate": -1, "extrude": 0, "visibility": -1, "drawOrder": null, "icon": null, "pdfmaps_photos": null, "Photo Name": null, "Photo Date": null, "Photo Timestamp": null, "Photo Location": null, "Photo Altitude": null, "Photo Orientation": null, "Device Type": null }, "geometry": { "type": "Point", "coordinates": [ -39.934851031792803, -18.477204566011899, 0.0 ] } },
{ "type": "Feature", "properties": { "Name": "PROJETO 29 - 400", "description": "Northing:7956242.66948148\nEasting:400369.278316667\nDescription:", "timestamp": "2021-06-12T14:43:20-03:00", "begin": null, "end": null, "altitudeMode": null, "tessellate": -1, "extrude": 0, "visibility": -1, "drawOrder": null, "icon": null, "pdfmaps_photos": null, "Photo Name": null, "Photo Date": null, "Photo Timestamp": null, "Photo Location": null, "Photo Altitude": null, "Photo Orientation": null, "Device Type": null }, "geometry": { "type": "Point", "coordinates": [ -39.943694244404, -18.481852953977899, 0.0 ] } },
{ "type": "Feature", "properties": { "Name": "PROJETO 30 - 264", "description": "Northing:7956152.52303057\nEasting:401554.106781379\nDescription:", "timestamp": "2021-06-12T14:37:31-03:00", "begin": null, "end": null, "altitudeMode": null, "tessellate": -1, "extrude": 0, "visibility": -1, "drawOrder": null, "icon": null, "pdfmaps_photos": null, "Photo Name": null, "Photo Date": null, "Photo Timestamp": null, "Photo Location": null, "Photo Altitude": null, "Photo Orientation": null, "Device Type": null }, "geometry": { "type": "Point", "coordinates": [ -39.932477151441802, -18.482723183726101, 0.0 ] } },
{ "type": "Feature", "properties": { "Name": "PROJETO 31 - 272", "description": "Northing:7955600.8317743\nEasting:400729.339051445\nDescription:", "timestamp": "2021-06-12T14:42:53-03:00", "begin": null, "end": null, "altitudeMode": null, "tessellate": -1, "extrude": 0, "visibility": -1, "drawOrder": null, "icon": null, "pdfmaps_photos": null, "Photo Name": null, "Photo Date": null, "Photo Timestamp": null, "Photo Location": null, "Photo Altitude": null, "Photo Orientation": null, "Device Type": null }, "geometry": { "type": "Point", "coordinates": [ -39.940315750222901, -18.487670175114701, 0.0 ] } },
{ "type": "Feature", "properties": { "Name": "PROJETO 32 - 281", "description": "Northing:7955503.77323609\nEasting:400218.987734052\nDescription:", "timestamp": "2021-06-12T14:41:47-03:00", "begin": null, "end": null, "altitudeMode": null, "tessellate": -1, "extrude": 0, "visibility": -1, "drawOrder": null, "icon": null, "pdfmaps_photos": null, "Photo Name": null, "Photo Date": null, "Photo Timestamp": null, "Photo Location": null, "Photo Altitude": null, "Photo Orientation": null, "Device Type": null }, "geometry": { "type": "Point", "coordinates": [ -39.946385828443603, -18.4909156801052, 0.0 ] } },
{ "type": "Feature", "properties": { "Name": "PROJETO 33 - 418", "description": "Northing:7955036.84877756\nEasting:401023.841526122\nDescription:", "timestamp": "2021-06-12T14:38:04-03:00", "begin": null, "end": null, "altitudeMode": null, "tessellate": -1, "extrude": 0, "visibility": -1, "drawOrder": null, "icon": null, "pdfmaps_photos": null, "Photo Name": null, "Photo Date": null, "Photo Timestamp": null, "Photo Location": null, "Photo Altitude": null, "Photo Orientation": null, "Device Type": null }, "geometry": { "type": "Point", "coordinates": [ -39.937554150465203, -18.492780698532901, 0.0 ] } },
{ "type": "Feature", "properties": { "Name": "PROJETO 34 - 426", "description": "Northing:7955271.30645382\nEasting:401428.530755212\nDescription:", "timestamp": "2021-06-12T14:53:28-03:00", "begin": null, "end": null, "altitudeMode": null, "tessellate": -1, "extrude": 0, "visibility": -1, "drawOrder": null, "icon": null, "pdfmaps_photos": null, "Photo Name": null, "Photo Date": null, "Photo Timestamp": null, "Photo Location": null, "Photo Altitude": null, "Photo Orientation": null, "Device Type": null }, "geometry": { "type": "Point", "coordinates": [ -39.936208353776998, -18.489824767328098, 0.0 ] } },
{ "type": "Feature", "properties": { "Name": "PROJETO 35 - 345", "description": "Northing:7955408.74096836\nEasting:401973.990805157\nDescription:", "timestamp": "2021-06-12T14:37:00-03:00", "begin": null, "end": null, "altitudeMode": null, "tessellate": -1, "extrude": 0, "visibility": -1, "drawOrder": null, "icon": null, "pdfmaps_photos": null, "Photo Name": null, "Photo Date": null, "Photo Timestamp": null, "Photo Location": null, "Photo Altitude": null, "Photo Orientation": null, "Device Type": null }, "geometry": { "type": "Point", "coordinates": [ -39.928536606887, -18.489464270867799, 0.0 ] } },
{ "type": "Feature", "properties": { "Name": "PROJETO 36 -299", "description": "Northing:7953118.92419727\nEasting:400622.635332984\nDescription:", "timestamp": "2021-06-12T14:33:05-03:00", "begin": null, "end": null, "altitudeMode": null, "tessellate": -1, "extrude": 0, "visibility": -1, "drawOrder": null, "icon": null, "pdfmaps_photos": null, "Photo Name": null, "Photo Date": null, "Photo Timestamp": null, "Photo Location": null, "Photo Altitude": null, "Photo Orientation": null, "Device Type": null }, "geometry": { "type": "Point", "coordinates": [ -39.941448936357602, -18.510094010615799, 0.0 ] } },
{ "type": "Feature", "properties": { "Name": "PROJETO 37 - 302", "description": "Northing:7953885.79368628\nEasting:400072.016035472\nDescription:", "timestamp": "2021-06-12T14:52:55-03:00", "begin": null, "end": null, "altitudeMode": null, "tessellate": -1, "extrude": 0, "visibility": -1, "drawOrder": null, "icon": null, "pdfmaps_photos": null, "Photo Name": null, "Photo Date": null, "Photo Timestamp": null, "Photo Location": null, "Photo Altitude": null, "Photo Orientation": null, "Device Type": null }, "geometry": { "type": "Point", "coordinates": [ -39.946626592018603, -18.5031378399846, 0.0 ] } },
{ "type": "Feature", "properties": { "Name": "PROJETO 38 - 353", "description": "Northing:7951869.23854418\nEasting:399710.25860808\nDescription:", "timestamp": "2021-06-12T14:31:49-03:00", "begin": null, "end": null, "altitudeMode": null, "tessellate": -1, "extrude": 0, "visibility": -1, "drawOrder": null, "icon": null, "pdfmaps_photos": null, "Photo Name": null, "Photo Date": null, "Photo Timestamp": null, "Photo Location": null, "Photo Altitude": null, "Photo Orientation": null, "Device Type": null }, "geometry": { "type": "Point", "coordinates": [ -39.950153787744199, -18.521344087994301, 0.0 ] } },
{ "type": "Feature", "properties": { "Name": "PROJETO 39 - 370", "description": "Northing:7953040.72103412\nEasting:399490.987098109\nDescription:", "timestamp": "2021-06-12T14:32:35-03:00", "begin": null, "end": null, "altitudeMode": null, "tessellate": -1, "extrude": 0, "visibility": -1, "drawOrder": null, "icon": null, "pdfmaps_photos": null, "Photo Name": null, "Photo Date": null, "Photo Timestamp": null, "Photo Location": null, "Photo Altitude": null, "Photo Orientation": null, "Device Type": null }, "geometry": { "type": "Point", "coordinates": [ -39.952172400217002, -18.510747069341299, 0.0 ] } },
{ "type": "Feature", "properties": { "Name": "PROJETO 40 - 396", "description": "Northing:7955375.40659915\nEasting:399210.806857481\nDescription:", "timestamp": "2021-06-12T14:44:19-03:00", "begin": null, "end": null, "altitudeMode": null, "tessellate": -1, "extrude": 0, "visibility": -1, "drawOrder": null, "icon": null, "pdfmaps_photos": null, "Photo Name": null, "Photo Date": null, "Photo Timestamp": null, "Photo Location": null, "Photo Altitude": null, "Photo Orientation": null, "Device Type": null }, "geometry": { "type": "Point", "coordinates": [ -39.954709476653299, -18.489635355516601, 0.0 ] } },
{ "type": "Feature", "properties": { "Name": "PROJETO 41 - 761", "description": "Northing:7954649.03043332\nEasting:398083.64462278\nDescription:", "timestamp": "2021-06-12T14:45:27-03:00", "begin": null, "end": null, "altitudeMode": null, "tessellate": -1, "extrude": 0, "visibility": -1, "drawOrder": null, "icon": null, "pdfmaps_photos": null, "Photo Name": null, "Photo Date": null, "Photo Timestamp": null, "Photo Location": null, "Photo Altitude": null, "Photo Orientation": null, "Device Type": null }, "geometry": { "type": "Point", "coordinates": [ -39.967030913108204, -18.496490542661, 0.0 ] } },
{ "type": "Feature", "properties": { "Name": "PROJETO 43 - 914", "description": "Northing:7958378.03836091\nEasting:403338.580897084\nDescription:", "timestamp": "2021-06-10T15:11:19-03:00", "begin": null, "end": null, "altitudeMode": null, "tessellate": -1, "extrude": 0, "visibility": -1, "drawOrder": null, "icon": null, "pdfmaps_photos": null, "Photo Name": null, "Photo Date": null, "Photo Timestamp": null, "Photo Location": null, "Photo Altitude": null, "Photo Orientation": null, "Device Type": null }, "geometry": { "type": "Point", "coordinates": [ -39.915469540369998, -18.4626935812577, 0.0 ] } },
{ "type": "Feature", "properties": { "Name": "PROSPERIDADE - 4545", "description": null, "timestamp": "2021-07-23T16:33:37-03:00", "begin": null, "end": null, "altitudeMode": null, "tessellate": -1, "extrude": 0, "visibility": -1, "drawOrder": null, "icon": null, "pdfmaps_photos": null, "Photo Name": null, "Photo Date": null, "Photo Timestamp": null, "Photo Location": null, "Photo Altitude": null, "Photo Orientation": null, "Device Type": null }, "geometry": { "type": "Point", "coordinates": [ -40.157196098028699, -18.145918335775502, 0.0 ] } },
{ "type": "Feature", "properties": { "Name": "RANCHO DA SAUDADE - 1104", "description": "Northing:7984578.41436617\nEasting:395022.45726024\nDescription:", "timestamp": "2021-06-10T13:43:01-03:00", "begin": null, "end": null, "altitudeMode": null, "tessellate": -1, "extrude": 0, "visibility": -1, "drawOrder": null, "icon": null, "pdfmaps_photos": null, "Photo Name": null, "Photo Date": null, "Photo Timestamp": null, "Photo Location": null, "Photo Altitude": null, "Photo Orientation": null, "Device Type": null }, "geometry": { "type": "Point", "coordinates": [ -39.992868957768401, -18.225525424345999, 0.0 ] } },
{ "type": "Feature", "properties": { "Name": "RANCHO DOS MENINOS - 6068", "description": "Northing:8003072.74691588\nEasting:388539.006906728\nDescription:", "timestamp": "2021-06-10T13:01:37-03:00", "begin": null, "end": null, "altitudeMode": null, "tessellate": -1, "extrude": 0, "visibility": -1, "drawOrder": null, "icon": null, "pdfmaps_photos": null, "Photo Name": null, "Photo Date": null, "Photo Timestamp": null, "Photo Location": null, "Photo Altitude": null, "Photo Orientation": null, "Device Type": null }, "geometry": { "type": "Point", "coordinates": [ -40.053180380647802, -18.0580653023599, 0.0 ] } },
{ "type": "Feature", "properties": { "Name": "REBOUÇAS-2194", "description": "Northing:7971722.50789544\nEasting:388653.567156338\nDescription:", "timestamp": "2021-06-10T12:28:24-03:00", "begin": null, "end": null, "altitudeMode": null, "tessellate": -1, "extrude": 0, "visibility": -1, "drawOrder": null, "icon": null, "pdfmaps_photos": null, "Photo Name": null, "Photo Date": null, "Photo Timestamp": null, "Photo Location": null, "Photo Altitude": null, "Photo Orientation": null, "Device Type": null }, "geometry": { "type": "Point", "coordinates": [ -40.053799682351404, -18.3413807389753, 0.0 ] } },
{ "type": "Feature", "properties": { "Name": "RECANTO - 4301", "description": null, "timestamp": "2021-07-22T12:53:48-03:00", "begin": null, "end": null, "altitudeMode": null, "tessellate": -1, "extrude": 0, "visibility": -1, "drawOrder": null, "icon": null, "pdfmaps_photos": null, "Photo Name": null, "Photo Date": null, "Photo Timestamp": null, "Photo Location": null, "Photo Altitude": null, "Photo Orientation": null, "Device Type": null }, "geometry": { "type": "Point", "coordinates": [ -40.085713287335302, -18.114903826477601, 0.0 ] } },
{ "type": "Feature", "properties": { "Name": "RENASCER - 3913", "description": null, "timestamp": "2021-07-22T12:56:08-03:00", "begin": null, "end": null, "altitudeMode": null, "tessellate": -1, "extrude": 0, "visibility": -1, "drawOrder": null, "icon": null, "pdfmaps_photos": null, "Photo Name": null, "Photo Date": null, "Photo Timestamp": null, "Photo Location": null, "Photo Altitude": null, "Photo Orientation": null, "Device Type": null }, "geometry": { "type": "Point", "coordinates": [ -40.034548145857002, -18.148201124497099, 0.0 ] } },
{ "type": "Feature", "properties": { "Name": "RIO PRETO - universo I - 736", "description": null, "timestamp": "2021-07-23T16:43:54-03:00", "begin": null, "end": null, "altitudeMode": null, "tessellate": -1, "extrude": 0, "visibility": -1, "drawOrder": null, "icon": null, "pdfmaps_photos": null, "Photo Name": null, "Photo Date": null, "Photo Timestamp": null, "Photo Location": null, "Photo Altitude": null, "Photo Orientation": null, "Device Type": null }, "geometry": { "type": "Point", "coordinates": [ -40.017834005833201, -18.4204255705096, 0.0 ] } },
{ "type": "Feature", "properties": { "Name": "RITA DE CASSIA - 8052", "description": null, "timestamp": "2021-07-26T08:17:28-03:00", "begin": null, "end": null, "altitudeMode": null, "tessellate": -1, "extrude": 0, "visibility": -1, "drawOrder": null, "icon": null, "pdfmaps_photos": null, "Photo Name": null, "Photo Date": null, "Photo Timestamp": null, "Photo Location": null, "Photo Altitude": null, "Photo Orientation": null, "Device Type": null }, "geometry": { "type": "Point", "coordinates": [ -40.0320779607231, -18.4374012566504, 0.0 ] } },
{ "type": "Feature", "properties": { "Name": "SADIA II - 3140", "description": null, "timestamp": "2021-07-22T11:58:31-03:00", "begin": null, "end": null, "altitudeMode": null, "tessellate": -1, "extrude": 0, "visibility": -1, "drawOrder": null, "icon": null, "pdfmaps_photos": null, "Photo Name": null, "Photo Date": null, "Photo Timestamp": null, "Photo Location": null, "Photo Altitude": null, "Photo Orientation": null, "Device Type": null }, "geometry": { "type": "Point", "coordinates": [ -40.072152805846997, -18.261613619857101, 0.0 ] } },
{ "type": "Feature", "properties": { "Name": "SAMADHI I - 493", "description": "Northing:7954873.18784876\nEasting:406770.165867143\nDescription:", "timestamp": "2021-06-10T14:59:11-03:00", "begin": null, "end": null, "altitudeMode": null, "tessellate": -1, "extrude": 0, "visibility": -1, "drawOrder": null, "icon": null, "pdfmaps_photos": null, "Photo Name": null, "Photo Date": null, "Photo Timestamp": null, "Photo Location": null, "Photo Altitude": null, "Photo Orientation": null, "Device Type": null }, "geometry": { "type": "Point", "coordinates": [ -39.883134442976598, -18.494521445750401, 0.0 ] } },
{ "type": "Feature", "properties": { "Name": "SANA CECILIA - 2321", "description": null, "timestamp": "2021-07-26T09:49:39-03:00", "begin": null, "end": null, "altitudeMode": null, "tessellate": -1, "extrude": 0, "visibility": -1, "drawOrder": null, "icon": null, "pdfmaps_photos": null, "Photo Name": null, "Photo Date": null, "Photo Timestamp": null, "Photo Location": null, "Photo Altitude": null, "Photo Orientation": null, "Device Type": null }, "geometry": { "type": "Point", "coordinates": [ -40.097374311745703, -18.4843658057647, 0.0 ] } },
{ "type": "Feature", "properties": { "Name": "SANTA BRANCA - DERMERVAL_NERZY", "description": null, "timestamp": "2022-04-28T07:56:09-03:00", "begin": null, "end": null, "altitudeMode": null, "tessellate": -1, "extrude": 0, "visibility": -1, "drawOrder": null, "icon": null, "pdfmaps_photos": null, "Photo Name": null, "Photo Date": null, "Photo Timestamp": null, "Photo Location": null, "Photo Altitude": null, "Photo Orientation": null, "Device Type": null }, "geometry": { "type": "Point", "coordinates": [ -40.128040496838999, -18.1693565775652, 0.0 ] } },
{ "type": "Feature", "properties": { "Name": "SANTA CECILIA - 2267", "description": null, "timestamp": "2021-07-23T16:34:49-03:00", "begin": null, "end": null, "altitudeMode": null, "tessellate": -1, "extrude": 0, "visibility": -1, "drawOrder": null, "icon": null, "pdfmaps_photos": null, "Photo Name": null, "Photo Date": null, "Photo Timestamp": null, "Photo Location": null, "Photo Altitude": null, "Photo Orientation": null, "Device Type": null }, "geometry": { "type": "Point", "coordinates": [ -40.158611756232197, -18.153548319268001, 0.0 ] } },
{ "type": "Feature", "properties": { "Name": "SANTA CECÍLIA II - 9270", "description": null, "timestamp": "2021-07-26T08:16:50-03:00", "begin": null, "end": null, "altitudeMode": null, "tessellate": -1, "extrude": 0, "visibility": -1, "drawOrder": null, "icon": null, "pdfmaps_photos": null, "Photo Name": null, "Photo Date": null, "Photo Timestamp": null, "Photo Location": null, "Photo Altitude": null, "Photo Orientation": null, "Device Type": null }, "geometry": { "type": "Point", "coordinates": [ -40.075104465856803, -18.4223822076762, 0.0 ] } },
{ "type": "Feature", "properties": { "Name": "SANTA HELENA - 7382", "description": "Northing:7986730.46697159\nEasting:396070.416327122\nDescription:", "timestamp": "2021-06-10T13:26:56-03:00", "begin": null, "end": null, "altitudeMode": null, "tessellate": -1, "extrude": 0, "visibility": -1, "drawOrder": null, "icon": null, "pdfmaps_photos": null, "Photo Name": null, "Photo Date": null, "Photo Timestamp": null, "Photo Location": null, "Photo Altitude": null, "Photo Orientation": null, "Device Type": null }, "geometry": { "type": "Point", "coordinates": [ -39.982849382571899, -18.2061281855059, 0.0 ] } },
{ "type": "Feature", "properties": { "Name": "SANTA HELENA II - 7391", "description": "Northing:7987847.14332167\nEasting:396616.412698865\nDescription:", "timestamp": "2021-06-10T13:23:37-03:00", "begin": null, "end": null, "altitudeMode": null, "tessellate": -1, "extrude": 0, "visibility": -1, "drawOrder": null, "icon": null, "pdfmaps_photos": null, "Photo Name": null, "Photo Date": null, "Photo Timestamp": null, "Photo Location": null, "Photo Altitude": null, "Photo Orientation": null, "Device Type": null }, "geometry": { "type": "Point", "coordinates": [ -39.977630233803801, -18.196063016176002, 0.0 ] } },
{ "type": "Feature", "properties": { "Name": "SANTA IGNES - 582", "description": null, "timestamp": "2021-07-22T12:03:15-03:00", "begin": null, "end": null, "altitudeMode": null, "tessellate": -1, "extrude": 0, "visibility": -1, "drawOrder": null, "icon": null, "pdfmaps_photos": null, "Photo Name": null, "Photo Date": null, "Photo Timestamp": null, "Photo Location": null, "Photo Altitude": null, "Photo Orientation": null, "Device Type": null }, "geometry": { "type": "Point", "coordinates": [ -39.984834276739001, -18.448486043346001, 0.0 ] } },
{ "type": "Feature", "properties": { "Name": "SANTA IGNES I - 591", "description": "Northing:7959487.1679558\nEasting:397541.372642677\nDescription:", "timestamp": "2021-06-10T15:28:24-03:00", "begin": null, "end": null, "altitudeMode": null, "tessellate": -1, "extrude": 0, "visibility": -1, "drawOrder": null, "icon": null, "pdfmaps_photos": null, "Photo Name": null, "Photo Date": null, "Photo Timestamp": null, "Photo Location": null, "Photo Altitude": null, "Photo Orientation": null, "Device Type": null }, "geometry": { "type": "Point", "coordinates": [ -39.970312293565001, -18.452397419916899, 0.0 ] } },
{ "type": "Feature", "properties": { "Name": "SANTA IGNES III - 9911", "description": null, "timestamp": "2021-07-22T12:24:23-03:00", "begin": null, "end": null, "altitudeMode": null, "tessellate": -1, "extrude": 0, "visibility": -1, "drawOrder": null, "icon": null, "pdfmaps_photos": null, "Photo Name": null, "Photo Date": null, "Photo Timestamp": null, "Photo Location": null, "Photo Altitude": null, "Photo Orientation": null, "Device Type": null }, "geometry": { "type": "Point", "coordinates": [ -40.024132345714698, -18.453863231653099, 0.0 ] } },
{ "type": "Feature", "properties": { "Name": "SANTA MADALENA - 1317", "description": null, "timestamp": "2021-07-23T12:38:40-03:00", "begin": null, "end": null, "altitudeMode": null, "tessellate": -1, "extrude": 0, "visibility": -1, "drawOrder": null, "icon": null, "pdfmaps_photos": null, "Photo Name": null, "Photo Date": null, "Photo Timestamp": null, "Photo Location": null, "Photo Altitude": null, "Photo Orientation": null, "Device Type": null }, "geometry": { "type": "Point", "coordinates": [ -40.045527697874, -18.475024617746399, 0.0 ] } },
{ "type": "Feature", "properties": { "Name": "SANTA MONICA - 9857", "description": null, "timestamp": "2021-07-22T11:20:48-03:00", "begin": null, "end": null, "altitudeMode": null, "tessellate": -1, "extrude": 0, "visibility": -1, "drawOrder": null, "icon": null, "pdfmaps_photos": null, "Photo Name": null, "Photo Date": null, "Photo Timestamp": null, "Photo Location": null, "Photo Altitude": null, "Photo Orientation": null, "Device Type": null }, "geometry": { "type": "Point", "coordinates": [ -40.078727129384603, -18.101831658555898, 0.0 ] } },
{ "type": "Feature", "properties": { "Name": "SANTA RITA - 2127", "description": "Northing:7998206.7558402\nEasting:387932.409064371\nDescription:", "timestamp": "2021-06-10T12:36:14-03:00", "begin": null, "end": null, "altitudeMode": null, "tessellate": -1, "extrude": 0, "visibility": -1, "drawOrder": null, "icon": null, "pdfmaps_photos": null, "Photo Name": null, "Photo Date": null, "Photo Timestamp": null, "Photo Location": null, "Photo Altitude": null, "Photo Orientation": null, "Device Type": null }, "geometry": { "type": "Point", "coordinates": [ -40.059175104305901, -18.102008001337701, 0.0 ] } },
{ "type": "Feature", "properties": { "Name": "SANTA RITA - 4367", "description": "Northing:8007783.39157621\nEasting:388903.619604598\nDescription:", "timestamp": "2021-06-10T13:03:28-03:00", "begin": null, "end": null, "altitudeMode": null, "tessellate": -1, "extrude": 0, "visibility": -1, "drawOrder": null, "icon": null, "pdfmaps_photos": null, "Photo Name": null, "Photo Date": null, "Photo Timestamp": null, "Photo Location": null, "Photo Altitude": null, "Photo Orientation": null, "Device Type": null }, "geometry": { "type": "Point", "coordinates": [ -40.049483193522498, -18.015513573599598, 0.0 ] } },
{ "type": "Feature", "properties": { "Name": "SANTA ROSA - 9610", "description": null, "timestamp": "2021-07-23T12:33:28-03:00", "begin": null, "end": null, "altitudeMode": null, "tessellate": -1, "extrude": 0, "visibility": -1, "drawOrder": null, "icon": null, "pdfmaps_photos": null, "Photo Name": null, "Photo Date": null, "Photo Timestamp": null, "Photo Location": null, "Photo Altitude": null, "Photo Orientation": null, "Device Type": null }, "geometry": { "type": "Point", "coordinates": [ -40.117381676197802, -18.078157960312101, 0.0 ] } },
{ "type": "Feature", "properties": { "Name": "SANTANA - 9482", "description": "Northing:7984385.65995119\nEasting:404849.201406459\nDescription:", "timestamp": "2021-06-10T13:16:39-03:00", "begin": null, "end": null, "altitudeMode": null, "tessellate": -1, "extrude": 0, "visibility": -1, "drawOrder": null, "icon": null, "pdfmaps_photos": null, "Photo Name": null, "Photo Date": null, "Photo Timestamp": null, "Photo Location": null, "Photo Altitude": null, "Photo Orientation": null, "Device Type": null }, "geometry": { "type": "Point", "coordinates": [ -39.899946244937397, -18.2277262337299, 0.0 ] } },
{ "type": "Feature", "properties": { "Name": "SANTO AMARO - 9423", "description": null, "timestamp": "2021-07-22T12:44:18-03:00", "begin": null, "end": null, "altitudeMode": null, "tessellate": -1, "extrude": 0, "visibility": -1, "drawOrder": null, "icon": null, "pdfmaps_photos": null, "Photo Name": null, "Photo Date": null, "Photo Timestamp": null, "Photo Location": null, "Photo Altitude": null, "Photo Orientation": null, "Device Type": null }, "geometry": { "type": "Point", "coordinates": [ -40.088313254964802, -18.051929003042499, 0.0 ] } },
{ "type": "Feature", "properties": { "Name": "SANTO AMARO - 9466", "description": null, "timestamp": "2021-07-22T12:47:19-03:00", "begin": null, "end": null, "altitudeMode": null, "tessellate": -1, "extrude": 0, "visibility": -1, "drawOrder": null, "icon": null, "pdfmaps_photos": null, "Photo Name": null, "Photo Date": null, "Photo Timestamp": null, "Photo Location": null, "Photo Altitude": null, "Photo Orientation": null, "Device Type": null }, "geometry": { "type": "Point", "coordinates": [ -40.090967564814001, -18.0627525004587, 0.0 ] } },
{ "type": "Feature", "properties": { "Name": "SANTO ANTONIO - 7820", "description": null, "timestamp": "2021-07-22T12:43:00-03:00", "begin": null, "end": null, "altitudeMode": null, "tessellate": -1, "extrude": 0, "visibility": -1, "drawOrder": null, "icon": null, "pdfmaps_photos": null, "Photo Name": null, "Photo Date": null, "Photo Timestamp": null, "Photo Location": null, "Photo Altitude": null, "Photo Orientation": null, "Device Type": null }, "geometry": { "type": "Point", "coordinates": [ -40.085398556694798, -18.0496176418659, 0.0 ] } },
{ "type": "Feature", "properties": { "Name": "SANTO ANTONIO - 9300", "description": "Northing:7971531.98451258\nEasting:394671.301377749\nDescription:", "timestamp": "2021-06-10T14:33:49-03:00", "begin": null, "end": null, "altitudeMode": null, "tessellate": -1, "extrude": 0, "visibility": -1, "drawOrder": null, "icon": null, "pdfmaps_photos": null, "Photo Name": null, "Photo Date": null, "Photo Timestamp": null, "Photo Location": null, "Photo Altitude": null, "Photo Orientation": null, "Device Type": null }, "geometry": { "type": "Point", "coordinates": [ -39.996863325740598, -18.343408759957399, 0.0 ] } },
{ "type": "Feature", "properties": { "Name": "SAO BENEDITO - 7064", "description": "Northing:8005685.23547997\nEasting:389007.142436457\nDescription:", "timestamp": "2021-06-10T13:05:04-03:00", "begin": null, "end": null, "altitudeMode": null, "tessellate": -1, "extrude": 0, "visibility": -1, "drawOrder": null, "icon": null, "pdfmaps_photos": null, "Photo Name": null, "Photo Date": null, "Photo Timestamp": null, "Photo Location": null, "Photo Altitude": null, "Photo Orientation": null, "Device Type": null }, "geometry": { "type": "Point", "coordinates": [ -40.048617620394303, -18.0344801065586, 0.0 ] } },
{ "type": "Feature", "properties": { "Name": "SAO BENEDITO - 7404", "description": "Northing:8004446.61347613\nEasting:386681.867941134\nDescription:", "timestamp": "2021-06-10T13:07:03-03:00", "begin": null, "end": null, "altitudeMode": null, "tessellate": -1, "extrude": 0, "visibility": -1, "drawOrder": null, "icon": null, "pdfmaps_photos": null, "Photo Name": null, "Photo Date": null, "Photo Timestamp": null, "Photo Location": null, "Photo Altitude": null, "Photo Orientation": null, "Device Type": null }, "geometry": { "type": "Point", "coordinates": [ -40.070650844662801, -18.0455532284168, 0.0 ] } },
{ "type": "Feature", "properties": { "Name": "SAO BENEDITO - 7421", "description": "Northing:8004722.32826296\nEasting:387714.333400801\nDescription:", "timestamp": "2021-06-10T13:06:32-03:00", "begin": null, "end": null, "altitudeMode": null, "tessellate": -1, "extrude": 0, "visibility": -1, "drawOrder": null, "icon": null, "pdfmaps_photos": null, "Photo Name": null, "Photo Date": null, "Photo Timestamp": null, "Photo Location": null, "Photo Altitude": null, "Photo Orientation": null, "Device Type": null }, "geometry": { "type": "Point", "coordinates": [ -40.0608822115368, -18.043115352558601, 0.0 ] } },
{ "type": "Feature", "properties": { "Name": "SAO DOMINGOS IV - 574", "description": null, "timestamp": "2021-07-23T12:25:18-03:00", "begin": null, "end": null, "altitudeMode": null, "tessellate": -1, "extrude": 0, "visibility": -1, "drawOrder": null, "icon": null, "pdfmaps_photos": null, "Photo Name": null, "Photo Date": null, "Photo Timestamp": null, "Photo Location": null, "Photo Altitude": null, "Photo Orientation": null, "Device Type": null }, "geometry": { "type": "Point", "coordinates": [ -40.054062661383099, -18.520593050000901, 0.0 ] } },
{ "type": "Feature", "properties": { "Name": "SAO DOMINGOS VII - 710", "description": null, "timestamp": "2021-07-23T12:42:40-03:00", "begin": null, "end": null, "altitudeMode": null, "tessellate": -1, "extrude": 0, "visibility": -1, "drawOrder": null, "icon": null, "pdfmaps_photos": null, "Photo Name": null, "Photo Date": null, "Photo Timestamp": null, "Photo Location": null, "Photo Altitude": null, "Photo Orientation": null, "Device Type": null }, "geometry": { "type": "Point", "coordinates": [ -40.044615348163099, -18.5066139023787, 0.0 ] } },
{ "type": "Feature", "properties": { "Name": "SAO GABRIEL - 8053", "description": null, "timestamp": "2021-07-22T13:16:54-03:00", "begin": null, "end": null, "altitudeMode": null, "tessellate": -1, "extrude": 0, "visibility": -1, "drawOrder": null, "icon": null, "pdfmaps_photos": null, "Photo Name": null, "Photo Date": null, "Photo Timestamp": null, "Photo Location": null, "Photo Altitude": null, "Photo Orientation": null, "Device Type": null }, "geometry": { "type": "Point", "coordinates": [ -40.1678875399829, -18.029972259507701, 0.0 ] } },
{ "type": "Feature", "properties": { "Name": "SAO GERALDO I - 2224", "description": null, "timestamp": "2021-07-23T12:41:24-03:00", "begin": null, "end": null, "altitudeMode": null, "tessellate": -1, "extrude": 0, "visibility": -1, "drawOrder": null, "icon": null, "pdfmaps_photos": null, "Photo Name": null, "Photo Date": null, "Photo Timestamp": null, "Photo Location": null, "Photo Altitude": null, "Photo Orientation": null, "Device Type": null }, "geometry": { "type": "Point", "coordinates": [ -40.051383014418498, -18.495565631944199, 0.0 ] } },
{ "type": "Feature", "properties": { "Name": "SAO JOAO - 4481", "description": null, "timestamp": "2021-07-23T16:42:21-03:00", "begin": null, "end": null, "altitudeMode": null, "tessellate": -1, "extrude": 0, "visibility": -1, "drawOrder": null, "icon": null, "pdfmaps_photos": null, "Photo Name": null, "Photo Date": null, "Photo Timestamp": null, "Photo Location": null, "Photo Altitude": null, "Photo Orientation": null, "Device Type": null }, "geometry": { "type": "Point", "coordinates": [ -40.127764092880298, -18.069351222098302, 0.0 ] } },
{ "type": "Feature", "properties": { "Name": "SAO JORGE - 4022", "description": null, "timestamp": "2021-07-22T12:54:48-03:00", "begin": null, "end": null, "altitudeMode": null, "tessellate": -1, "extrude": 0, "visibility": -1, "drawOrder": null, "icon": null, "pdfmaps_photos": null, "Photo Name": null, "Photo Date": null, "Photo Timestamp": null, "Photo Location": null, "Photo Altitude": null, "Photo Orientation": null, "Device Type": null }, "geometry": { "type": "Point", "coordinates": [ -40.092097370379101, -18.1311397728842, 0.0 ] } },
{ "type": "Feature", "properties": { "Name": "SAO JOSE - 4405", "description": null, "timestamp": "2021-07-23T16:43:10-03:00", "begin": null, "end": null, "altitudeMode": null, "tessellate": -1, "extrude": 0, "visibility": -1, "drawOrder": null, "icon": null, "pdfmaps_photos": null, "Photo Name": null, "Photo Date": null, "Photo Timestamp": null, "Photo Location": null, "Photo Altitude": null, "Photo Orientation": null, "Device Type": null }, "geometry": { "type": "Point", "coordinates": [ -40.1105941779456, -18.221763708348799, 0.0 ] } },
{ "type": "Feature", "properties": { "Name": "SAO JOSE - 6645", "description": "Northing:7969874.12241931\nEasting:401766.278546083\nDescription:", "timestamp": "2021-06-10T14:26:09-03:00", "begin": null, "end": null, "altitudeMode": null, "tessellate": -1, "extrude": 0, "visibility": -1, "drawOrder": null, "icon": null, "pdfmaps_photos": null, "Photo Name": null, "Photo Date": null, "Photo Timestamp": null, "Photo Location": null, "Photo Altitude": null, "Photo Orientation": null, "Device Type": null }, "geometry": { "type": "Point", "coordinates": [ -39.929801182891602, -18.358730337090002, 0.0 ] } },
{ "type": "Feature", "properties": { "Name": "SAO SEBASTIÃO - 7846", "description": null, "timestamp": "2021-07-23T16:40:14-03:00", "begin": null, "end": null, "altitudeMode": null, "tessellate": -1, "extrude": 0, "visibility": -1, "drawOrder": null, "icon": null, "pdfmaps_photos": null, "Photo Name": null, "Photo Date": null, "Photo Timestamp": null, "Photo Location": null, "Photo Altitude": null, "Photo Orientation": null, "Device Type": null }, "geometry": { "type": "Point", "coordinates": [ -40.167324200371098, -18.086846335156501, 0.0 ] } },
{ "type": "Feature", "properties": { "Name": "SAQUAREMA - 434", "description": "Northing:7954286.98904031\nEasting:410671.894783638\nDescription:", "timestamp": "2021-06-10T15:02:05-03:00", "begin": null, "end": null, "altitudeMode": null, "tessellate": -1, "extrude": 0, "visibility": -1, "drawOrder": null, "icon": null, "pdfmaps_photos": null, "Photo Name": null, "Photo Date": null, "Photo Timestamp": null, "Photo Location": null, "Photo Altitude": null, "Photo Orientation": null, "Device Type": null }, "geometry": { "type": "Point", "coordinates": [ -39.846203750460496, -18.499987839168401, 0.0 ] } },
{ "type": "Feature", "properties": { "Name": "SCHEINAH - 7340", "description": null, "timestamp": "2021-07-22T11:57:21-03:00", "begin": null, "end": null, "altitudeMode": null, "tessellate": -1, "extrude": 0, "visibility": -1, "drawOrder": null, "icon": null, "pdfmaps_photos": null, "Photo Name": null, "Photo Date": null, "Photo Timestamp": null, "Photo Location": null, "Photo Altitude": null, "Photo Orientation": null, "Device Type": null }, "geometry": { "type": "Point", "coordinates": [ -40.059238178606599, -18.276204623523, 0.0 ] } },
{ "type": "Feature", "properties": { "Name": "SHIATA - 1252", "description": null, "timestamp": "2021-07-23T12:43:33-03:00", "begin": null, "end": null, "altitudeMode": null, "tessellate": -1, "extrude": 0, "visibility": -1, "drawOrder": null, "icon": null, "pdfmaps_photos": null, "Photo Name": null, "Photo Date": null, "Photo Timestamp": null, "Photo Location": null, "Photo Altitude": null, "Photo Orientation": null, "Device Type": null }, "geometry": { "type": "Point", "coordinates": [ -40.040651893548002, -18.518072019585599, 0.0 ] } },
{ "type": "Feature", "properties": { "Name": "SICOOB - 6459", "description": "Northing:7974722.53459903\nEasting:392142.313791999\nDescription:", "timestamp": "2021-06-10T14:26:44-03:00", "begin": null, "end": null, "altitudeMode": null, "tessellate": -1, "extrude": 0, "visibility": -1, "drawOrder": null, "icon": null, "pdfmaps_photos": null, "Photo Name": null, "Photo Date": null, "Photo Timestamp": null, "Photo Location": null, "Photo Altitude": null, "Photo Orientation": null, "Device Type": null }, "geometry": { "type": "Point", "coordinates": [ -40.020626530067403, -18.314449459362901, 0.0 ] } },
{ "type": "Feature", "properties": { "Name": "SITIO ANDORINHA - 9784", "description": null, "timestamp": "2021-07-22T13:00:30-03:00", "begin": null, "end": null, "altitudeMode": null, "tessellate": -1, "extrude": 0, "visibility": -1, "drawOrder": null, "icon": null, "pdfmaps_photos": null, "Photo Name": null, "Photo Date": null, "Photo Timestamp": null, "Photo Location": null, "Photo Altitude": null, "Photo Orientation": null, "Device Type": null }, "geometry": { "type": "Point", "coordinates": [ -40.058406394491698, -18.210604532404599, 0.0 ] } },
{ "type": "Feature", "properties": { "Name": "SITIO BAIANO - 6904", "description": null, "timestamp": "2021-07-22T13:16:14-03:00", "begin": null, "end": null, "altitudeMode": null, "tessellate": -1, "extrude": 0, "visibility": -1, "drawOrder": null, "icon": null, "pdfmaps_photos": null, "Photo Name": null, "Photo Date": null, "Photo Timestamp": null, "Photo Location": null, "Photo Altitude": null, "Photo Orientation": null, "Device Type": null }, "geometry": { "type": "Point", "coordinates": [ -40.163074744294804, -18.006740359656199, 0.0 ] } },
{ "type": "Feature", "properties": { "Name": "SITIO BELA VISTA - 7790", "description": null, "timestamp": "2021-07-23T16:35:24-03:00", "begin": null, "end": null, "altitudeMode": null, "tessellate": -1, "extrude": 0, "visibility": -1, "drawOrder": null, "icon": null, "pdfmaps_photos": null, "Photo Name": null, "Photo Date": null, "Photo Timestamp": null, "Photo Location": null, "Photo Altitude": null, "Photo Orientation": null, "Device Type": null }, "geometry": { "type": "Point", "coordinates": [ -40.1559579508193, -18.139624793695699, 0.0 ] } },
{ "type": "Feature", "properties": { "Name": "SITIO DO OSMAR - 2909", "description": "Northing:7981320.64255182\nEasting:397127.203048712\nDescription:", "timestamp": "2021-06-10T14:14:25-03:00", "begin": null, "end": null, "altitudeMode": null, "tessellate": -1, "extrude": 0, "visibility": -1, "drawOrder": null, "icon": null, "pdfmaps_photos": null, "Photo Name": null, "Photo Date": null, "Photo Timestamp": null, "Photo Location": null, "Photo Altitude": null, "Photo Orientation": null, "Device Type": null }, "geometry": { "type": "Point", "coordinates": [ -39.973128376878002, -18.255068311698398, 0.0 ] } },
{ "type": "Feature", "properties": { "Name": "SITIO ESPLANADA - 5045", "description": "Northing:7986922.88340162\nEasting:393036.535510121\nDescription:", "timestamp": "2021-06-10T13:41:15-03:00", "begin": null, "end": null, "altitudeMode": null, "tessellate": -1, "extrude": 0, "visibility": -1, "drawOrder": null, "icon": null, "pdfmaps_photos": null, "Photo Name": null, "Photo Date": null, "Photo Timestamp": null, "Photo Location": null, "Photo Altitude": null, "Photo Orientation": null, "Device Type": null }, "geometry": { "type": "Point", "coordinates": [ -40.0115271450127, -18.204240208773001, 0.0 ] } },
{ "type": "Feature", "properties": { "Name": "SITIO GALILÉIA - 9849", "description": null, "timestamp": "2021-07-22T11:18:23-03:00", "begin": null, "end": null, "altitudeMode": null, "tessellate": -1, "extrude": 0, "visibility": -1, "drawOrder": null, "icon": null, "pdfmaps_photos": null, "Photo Name": null, "Photo Date": null, "Photo Timestamp": null, "Photo Location": null, "Photo Altitude": null, "Photo Orientation": null, "Device Type": null }, "geometry": { "type": "Point", "coordinates": [ -40.048933812708299, -18.072994884882601, 0.0 ] } },
{ "type": "Feature", "properties": { "Name": "SITIO JACUPEMBA - 7889", "description": null, "timestamp": "2021-07-23T12:26:54-03:00", "begin": null, "end": null, "altitudeMode": null, "tessellate": -1, "extrude": 0, "visibility": -1, "drawOrder": null, "icon": null, "pdfmaps_photos": null, "Photo Name": null, "Photo Date": null, "Photo Timestamp": null, "Photo Location": null, "Photo Altitude": null, "Photo Orientation": null, "Device Type": null }, "geometry": { "type": "Point", "coordinates": [ -40.125567149760201, -18.052112320154901, 0.0 ] } },
{ "type": "Feature", "properties": { "Name": "SITIO MORINGA - 9733", "description": null, "timestamp": "2021-07-23T12:30:43-03:00", "begin": null, "end": null, "altitudeMode": null, "tessellate": -1, "extrude": 0, "visibility": -1, "drawOrder": null, "icon": null, "pdfmaps_photos": null, "Photo Name": null, "Photo Date": null, "Photo Timestamp": null, "Photo Location": null, "Photo Altitude": null, "Photo Orientation": null, "Device Type": null }, "geometry": { "type": "Point", "coordinates": [ -40.1102867301448, -18.060871056098701, 0.0 ] } },
{ "type": "Feature", "properties": { "Name": "SITIO NOVO HORIZONTE - 7358", "description": "Northing:8005832.39746804\nEasting:390140.130510057\nDescription:", "timestamp": "2021-06-10T13:04:19-03:00", "begin": null, "end": null, "altitudeMode": null, "tessellate": -1, "extrude": 0, "visibility": -1, "drawOrder": null, "icon": null, "pdfmaps_photos": null, "Photo Name": null, "Photo Date": null, "Photo Timestamp": null, "Photo Location": null, "Photo Altitude": null, "Photo Orientation": null, "Device Type": null }, "geometry": { "type": "Point", "coordinates": [ -40.037907086253199, -18.033207911243998, 0.0 ] } },
{ "type": "Feature", "properties": { "Name": "SITIO NOVO HORIZONTE - 9504", "description": null, "timestamp": "2021-07-26T09:50:16-03:00", "begin": null, "end": null, "altitudeMode": null, "tessellate": -1, "extrude": 0, "visibility": -1, "drawOrder": null, "icon": null, "pdfmaps_photos": null, "Photo Name": null, "Photo Date": null, "Photo Timestamp": null, "Photo Location": null, "Photo Altitude": null, "Photo Orientation": null, "Device Type": null }, "geometry": { "type": "Point", "coordinates": [ -40.113265654170199, -18.4837753250433, 0.0 ] } },
{ "type": "Feature", "properties": { "Name": "SITIO VEREDA TROPICAL - 2780", "description": "Northing:7986299.62562224\nEasting:392652.322817831\nDescription:", "timestamp": "2021-06-10T13:42:20-03:00", "begin": null, "end": null, "altitudeMode": null, "tessellate": -1, "extrude": 0, "visibility": -1, "drawOrder": null, "icon": null, "pdfmaps_photos": null, "Photo Name": null, "Photo Date": null, "Photo Timestamp": null, "Photo Location": null, "Photo Altitude": null, "Photo Orientation": null, "Device Type": null }, "geometry": { "type": "Point", "coordinates": [ -40.015192760978302, -18.2098534149359, 0.0 ] } },
{ "type": "Feature", "properties": { "Name": "SO ALEGRIA - 4537", "description": "Northing:7997696.7563792\nEasting:388350.419169984\nDescription:", "timestamp": "2021-06-10T13:11:34-03:00", "begin": null, "end": null, "altitudeMode": null, "tessellate": -1, "extrude": 0, "visibility": -1, "drawOrder": null, "icon": null, "pdfmaps_photos": null, "Photo Name": null, "Photo Date": null, "Photo Timestamp": null, "Photo Location": null, "Photo Altitude": null, "Photo Orientation": null, "Device Type": null }, "geometry": { "type": "Point", "coordinates": [ -40.055252479797701, -18.106638526576202, 0.0 ] } },
{ "type": "Feature", "properties": { "Name": "SOMBRA DA TARDE - 6742", "description": "Northing:8000411.23524289\nEasting:392537.787249499\nDescription:", "timestamp": "2021-06-10T12:53:41-03:00", "begin": null, "end": null, "altitudeMode": null, "tessellate": -1, "extrude": 0, "visibility": -1, "drawOrder": null, "icon": null, "pdfmaps_photos": null, "Photo Name": null, "Photo Date": null, "Photo Timestamp": null, "Photo Location": null, "Photo Altitude": null, "Photo Orientation": null, "Device Type": null }, "geometry": { "type": "Point", "coordinates": [ -40.0155391263323, -18.082320011568498, 0.0 ] } },
{ "type": "Feature", "properties": { "Name": "SOMBRA DA TARDE - 7137", "description": "Northing:8000729.07227902\nEasting:391195.951572362\nDescription:", "timestamp": "2021-06-10T12:58:47-03:00", "begin": null, "end": null, "altitudeMode": null, "tessellate": -1, "extrude": 0, "visibility": -1, "drawOrder": null, "icon": null, "pdfmaps_photos": null, "Photo Name": null, "Photo Date": null, "Photo Timestamp": null, "Photo Location": null, "Photo Altitude": null, "Photo Orientation": null, "Device Type": null }, "geometry": { "type": "Point", "coordinates": [ -40.028201519133503, -18.079380551027, 0.0 ] } },
{ "type": "Feature", "properties": { "Name": "Sr. MIGUEL - 451", "description": "Northing:7958116.33603935\nEasting:402995.481468005\nDescription:", "timestamp": "2021-06-10T15:08:33-03:00", "begin": null, "end": null, "altitudeMode": null, "tessellate": -1, "extrude": 0, "visibility": -1, "drawOrder": null, "icon": null, "pdfmaps_photos": null, "Photo Name": null, "Photo Date": null, "Photo Timestamp": null, "Photo Location": null, "Photo Altitude": null, "Photo Orientation": null, "Device Type": null }, "geometry": { "type": "Point", "coordinates": [ -39.918731276340303, -18.4650428758837, 0.0 ] } },
{ "type": "Feature", "properties": { "Name": "SWETA - 7102", "description": "Northing:7950894.10182066\nEasting:397279.54101386\nDescription:", "timestamp": "2021-06-12T14:34:39-03:00", "begin": null, "end": null, "altitudeMode": null, "tessellate": -1, "extrude": 0, "visibility": -1, "drawOrder": null, "icon": null, "pdfmaps_photos": null, "Photo Name": null, "Photo Date": null, "Photo Timestamp": null, "Photo Location": null, "Photo Altitude": null, "Photo Orientation": null, "Device Type": null }, "geometry": { "type": "Point", "coordinates": [ -39.973230057311397, -18.5300391094327, 0.0 ] } },
{ "type": "Feature", "properties": { "Name": "SÃO DOMINGOS I - 531", "description": null, "timestamp": "2021-07-26T08:22:17-03:00", "begin": null, "end": null, "altitudeMode": null, "tessellate": -1, "extrude": 0, "visibility": -1, "drawOrder": null, "icon": null, "pdfmaps_photos": null, "Photo Name": null, "Photo Date": null, "Photo Timestamp": null, "Photo Location": null, "Photo Altitude": null, "Photo Orientation": null, "Device Type": null }, "geometry": { "type": "Point", "coordinates": [ -40.039954825003797, -18.5262654504048, 0.0 ] } },
{ "type": "Feature", "properties": { "Name": "SÃO DOMINGOS II - 558", "description": null, "timestamp": "2021-07-26T09:47:45-03:00", "begin": null, "end": null, "altitudeMode": null, "tessellate": -1, "extrude": 0, "visibility": -1, "drawOrder": null, "icon": null, "pdfmaps_photos": null, "Photo Name": null, "Photo Date": null, "Photo Timestamp": null, "Photo Location": null, "Photo Altitude": null, "Photo Orientation": null, "Device Type": null }, "geometry": { "type": "Point", "coordinates": [ -40.054964389224502, -18.543769000084701, 0.0 ] } },
{ "type": "Feature", "properties": { "Name": "SÃO DOMINGOS III - 566", "description": null, "timestamp": "2021-07-26T09:46:51-03:00", "begin": null, "end": null, "altitudeMode": null, "tessellate": -1, "extrude": 0, "visibility": -1, "drawOrder": null, "icon": null, "pdfmaps_photos": null, "Photo Name": null, "Photo Date": null, "Photo Timestamp": null, "Photo Location": null, "Photo Altitude": null, "Photo Orientation": null, "Device Type": null }, "geometry": { "type": "Point", "coordinates": [ -40.0592123014316, -18.5326764533092, 0.0 ] } },
{ "type": "Feature", "properties": { "Name": "SÃO DOMINGOS V - 523", "description": null, "timestamp": "2021-07-26T09:48:43-03:00", "begin": null, "end": null, "altitudeMode": null, "tessellate": -1, "extrude": 0, "visibility": -1, "drawOrder": null, "icon": null, "pdfmaps_photos": null, "Photo Name": null, "Photo Date": null, "Photo Timestamp": null, "Photo Location": null, "Photo Altitude": null, "Photo Orientation": null, "Device Type": null }, "geometry": { "type": "Point", "coordinates": [ -40.047578408186297, -18.517419868854802, 0.0 ] } },
{ "type": "Feature", "properties": { "Name": "SÃO DOMINGOS VIII - 795", "description": null, "timestamp": "2021-07-26T09:46:23-03:00", "begin": null, "end": null, "altitudeMode": null, "tessellate": -1, "extrude": 0, "visibility": -1, "drawOrder": null, "icon": null, "pdfmaps_photos": null, "Photo Name": null, "Photo Date": null, "Photo Timestamp": null, "Photo Location": null, "Photo Altitude": null, "Photo Orientation": null, "Device Type": null }, "geometry": { "type": "Point", "coordinates": [ -40.067797517734498, -18.5200513460826, 0.0 ] } },
{ "type": "Feature", "properties": { "Name": "SÃO JORGE - WAGNER LUIS", "description": null, "timestamp": "2022-04-28T07:54:05-03:00", "begin": null, "end": null, "altitudeMode": null, "tessellate": -1, "extrude": 0, "visibility": -1, "drawOrder": null, "icon": null, "pdfmaps_photos": null, "Photo Name": null, "Photo Date": null, "Photo Timestamp": null, "Photo Location": null, "Photo Altitude": null, "Photo Orientation": null, "Device Type": null }, "geometry": { "type": "Point", "coordinates": [ -40.2500960746723, -17.915847121480599, 0.0 ] } },
{ "type": "Feature", "properties": { "Name": "SÍTIO CRUZEIRO DO SUL - 5797", "description": "Northing:8000869.9706849\nEasting:390514.387475526\nDescription:", "timestamp": "2021-06-10T12:59:25-03:00", "begin": null, "end": null, "altitudeMode": null, "tessellate": -1, "extrude": 0, "visibility": -1, "drawOrder": null, "icon": null, "pdfmaps_photos": null, "Photo Name": null, "Photo Date": null, "Photo Timestamp": null, "Photo Location": null, "Photo Altitude": null, "Photo Orientation": null, "Device Type": null }, "geometry": { "type": "Point", "coordinates": [ -40.0346340900306, -18.078072826935198, 0.0 ] } },
{ "type": "Feature", "properties": { "Name": "TAQUARAS - 4359", "description": null, "timestamp": "2021-07-23T12:22:46-03:00", "begin": null, "end": null, "altitudeMode": null, "tessellate": -1, "extrude": 0, "visibility": -1, "drawOrder": null, "icon": null, "pdfmaps_photos": null, "Photo Name": null, "Photo Date": null, "Photo Timestamp": null, "Photo Location": null, "Photo Altitude": null, "Photo Orientation": null, "Device Type": null }, "geometry": { "type": "Point", "coordinates": [ -40.138780080470802, -18.0526930934838, 0.0 ] } },
{ "type": "Feature", "properties": { "Name": "TATU MANCO - 7919", "description": null, "timestamp": "2021-07-26T08:15:18-03:00", "begin": null, "end": null, "altitudeMode": null, "tessellate": -1, "extrude": 0, "visibility": -1, "drawOrder": null, "icon": null, "pdfmaps_photos": null, "Photo Name": null, "Photo Date": null, "Photo Timestamp": null, "Photo Location": null, "Photo Altitude": null, "Photo Orientation": null, "Device Type": null }, "geometry": { "type": "Point", "coordinates": [ -40.081972852266802, -18.3678893296327, 0.0 ] } },
{ "type": "Feature", "properties": { "Name": "TRES DE AGOSTO - 9407", "description": null, "timestamp": "2021-07-23T16:35:59-03:00", "begin": null, "end": null, "altitudeMode": null, "tessellate": -1, "extrude": 0, "visibility": -1, "drawOrder": null, "icon": null, "pdfmaps_photos": null, "Photo Name": null, "Photo Date": null, "Photo Timestamp": null, "Photo Location": null, "Photo Altitude": null, "Photo Orientation": null, "Device Type": null }, "geometry": { "type": "Point", "coordinates": [ -40.1457708756814, -18.123135520927001, 0.0 ] } },
{ "type": "Feature", "properties": { "Name": "TRES DE AGOSTO III - 5614", "description": null, "timestamp": "2021-07-23T16:36:28-03:00", "begin": null, "end": null, "altitudeMode": null, "tessellate": -1, "extrude": 0, "visibility": -1, "drawOrder": null, "icon": null, "pdfmaps_photos": null, "Photo Name": null, "Photo Date": null, "Photo Timestamp": null, "Photo Location": null, "Photo Altitude": null, "Photo Orientation": null, "Device Type": null }, "geometry": { "type": "Point", "coordinates": [ -40.142733526599997, -18.114789834644501, 0.0 ] } },
{ "type": "Feature", "properties": { "Name": "TRES LAGOAS - 5851", "description": "Northing:7992282.43195231\nEasting:393806.864197963\nDescription:", "timestamp": "2021-06-10T13:15:07-03:00", "begin": null, "end": null, "altitudeMode": null, "tessellate": -1, "extrude": 0, "visibility": -1, "drawOrder": null, "icon": null, "pdfmaps_photos": null, "Photo Name": null, "Photo Date": null, "Photo Timestamp": null, "Photo Location": null, "Photo Altitude": null, "Photo Orientation": null, "Device Type": null }, "geometry": { "type": "Point", "coordinates": [ -40.003966070291199, -18.1558438236281, 0.0 ] } },
{ "type": "Feature", "properties": { "Name": "TRES LAGOAS - 5909", "description": "Northing:7993446.28749056\nEasting:393864.117395887\nDescription:", "timestamp": "2021-06-10T13:13:34-03:00", "begin": null, "end": null, "altitudeMode": null, "tessellate": -1, "extrude": 0, "visibility": -1, "drawOrder": null, "icon": null, "pdfmaps_photos": null, "Photo Name": null, "Photo Date": null, "Photo Timestamp": null, "Photo Location": null, "Photo Altitude": null, "Photo Orientation": null, "Device Type": null }, "geometry": { "type": "Point", "coordinates": [ -40.003364825645399, -18.145328763093101, 0.0 ] } },
{ "type": "Feature", "properties": { "Name": "TRES LAGOAS - 6661", "description": "Northing:7994782.52719713\nEasting:392812.281118279\nDescription:", "timestamp": "2021-06-10T13:10:34-03:00", "begin": null, "end": null, "altitudeMode": null, "tessellate": -1, "extrude": 0, "visibility": -1, "drawOrder": null, "icon": null, "pdfmaps_photos": null, "Photo Name": null, "Photo Date": null, "Photo Timestamp": null, "Photo Location": null, "Photo Altitude": null, "Photo Orientation": null, "Device Type": null }, "geometry": { "type": "Point", "coordinates": [ -40.013237766626297, -18.133200943692302, 0.0 ] } },
{ "type": "Feature", "properties": { "Name": "TREVO DA BARRA I - 442", "description": "Northing:7944574.67845926\nEasting:406500.059745332\nDescription:", "timestamp": "2021-06-10T15:03:19-03:00", "begin": null, "end": null, "altitudeMode": null, "tessellate": -1, "extrude": 0, "visibility": -1, "drawOrder": null, "icon": null, "pdfmaps_photos": null, "Photo Name": null, "Photo Date": null, "Photo Timestamp": null, "Photo Location": null, "Photo Altitude": null, "Photo Orientation": null, "Device Type": null }, "geometry": { "type": "Point", "coordinates": [ -39.886172622984702, -18.587577562863899, 0.0 ] } },
{ "type": "Feature", "properties": { "Name": "TREVO DA BARRA II - 1856", "description": "Northing:7943917.53127436\nEasting:406407.261846495\nDescription:", "timestamp": "2021-06-10T15:02:56-03:00", "begin": null, "end": null, "altitudeMode": null, "tessellate": -1, "extrude": 0, "visibility": -1, "drawOrder": null, "icon": null, "pdfmaps_photos": null, "Photo Name": null, "Photo Date": null, "Photo Timestamp": null, "Photo Location": null, "Photo Altitude": null, "Photo Orientation": null, "Device Type": null }, "geometry": { "type": "Point", "coordinates": [ -39.8870828059178, -18.5935120603794, 0.0 ] } },
{ "type": "Feature", "properties": { "Name": "Trevo da Pista - 97Km", "description": "97 Km", "timestamp": "2024-06-19T08:41:21-03:00", "begin": null, "end": null, "altitudeMode": null, "tessellate": -1, "extrude": 0, "visibility": -1, "drawOrder": null, "icon": null, "pdfmaps_photos": null, "Photo Name": null, "Photo Date": null, "Photo Timestamp": null, "Photo Location": null, "Photo Altitude": null, "Photo Orientation": null, "Device Type": null }, "geometry": { "type": "Point", "coordinates": [ -40.359052516475202, -17.9028301753387, 0.0 ] } },
{ "type": "Feature", "properties": { "Name": "TUBARAO II - 2631", "description": "Northing:7980987.63264524\nEasting:398201.56510768\nDescription:", "timestamp": "2021-06-10T14:18:16-03:00", "begin": null, "end": null, "altitudeMode": null, "tessellate": -1, "extrude": 0, "visibility": -1, "drawOrder": null, "icon": null, "pdfmaps_photos": null, "Photo Name": null, "Photo Date": null, "Photo Timestamp": null, "Photo Location": null, "Photo Altitude": null, "Photo Orientation": null, "Device Type": null }, "geometry": { "type": "Point", "coordinates": [ -39.962983063750997, -18.2581291514391, 0.0 ] } },
{ "type": "Feature", "properties": { "Name": "UNIAO III - 7188", "description": "Northing:7973980.88105502\nEasting:392897.827105365\nDescription:", "timestamp": "2021-06-10T14:28:05-03:00", "begin": null, "end": null, "altitudeMode": null, "tessellate": -1, "extrude": 0, "visibility": -1, "drawOrder": null, "icon": null, "pdfmaps_photos": null, "Photo Name": null, "Photo Date": null, "Photo Timestamp": null, "Photo Location": null, "Photo Altitude": null, "Photo Orientation": null, "Device Type": null }, "geometry": { "type": "Point", "coordinates": [ -40.011588303793999, -18.319311594279601, 0.0 ] } },
{ "type": "Feature", "properties": { "Name": "UNIAO IV - 7196", "description": "Northing:7974057.21360433\nEasting:393636.636600703\nDescription:", "timestamp": "2021-06-10T14:28:29-03:00", "begin": null, "end": null, "altitudeMode": null, "tessellate": -1, "extrude": 0, "visibility": -1, "drawOrder": null, "icon": null, "pdfmaps_photos": null, "Photo Name": null, "Photo Date": null, "Photo Timestamp": null, "Photo Location": null, "Photo Altitude": null, "Photo Orientation": null, "Device Type": null }, "geometry": { "type": "Point", "coordinates": [ -40.005206313896103, -18.3240487518915, 0.0 ] } },
{ "type": "Feature", "properties": { "Name": "UNIAO V - 7200", "description": "Northing:7973228.45235048\nEasting:393347.652777047\nDescription:", "timestamp": "2021-06-10T14:29:01-03:00", "begin": null, "end": null, "altitudeMode": null, "tessellate": -1, "extrude": 0, "visibility": -1, "drawOrder": null, "icon": null, "pdfmaps_photos": null, "Photo Name": null, "Photo Date": null, "Photo Timestamp": null, "Photo Location": null, "Photo Altitude": null, "Photo Orientation": null, "Device Type": null }, "geometry": { "type": "Point", "coordinates": [ -40.0093003480522, -18.3280120104547, 0.0 ] } },
{ "type": "Feature", "properties": { "Name": "VALE DO JABOQUE - 3115", "description": null, "timestamp": "2021-07-22T11:58:02-03:00", "begin": null, "end": null, "altitudeMode": null, "tessellate": -1, "extrude": 0, "visibility": -1, "drawOrder": null, "icon": null, "pdfmaps_photos": null, "Photo Name": null, "Photo Date": null, "Photo Timestamp": null, "Photo Location": null, "Photo Altitude": null, "Photo Orientation": null, "Device Type": null }, "geometry": { "type": "Point", "coordinates": [ -40.054935085120803, -18.2583699199199, 0.0 ] } },
{ "type": "Feature", "properties": { "Name": "VISTA ALEGRE - 4251", "description": "Northing:7999388.26821947\nEasting:386867.058342483\nDescription:", "timestamp": "2021-06-10T12:37:57-03:00", "begin": null, "end": null, "altitudeMode": null, "tessellate": -1, "extrude": 0, "visibility": -1, "drawOrder": null, "icon": null, "pdfmaps_photos": null, "Photo Name": null, "Photo Date": null, "Photo Timestamp": null, "Photo Location": null, "Photo Altitude": null, "Photo Orientation": null, "Device Type": null }, "geometry": { "type": "Point", "coordinates": [ -40.069177956987403, -18.091275144787598, 0.0 ] } },
{ "type": "Feature", "properties": { "Name": "VISTA ALEGRE - 4588", "description": "Northing:7999255.71861466\nEasting:387325.27395032\nDescription:", "timestamp": "2021-06-10T12:37:21-03:00", "begin": null, "end": null, "altitudeMode": null, "tessellate": -1, "extrude": 0, "visibility": -1, "drawOrder": null, "icon": null, "pdfmaps_photos": null, "Photo Name": null, "Photo Date": null, "Photo Timestamp": null, "Photo Location": null, "Photo Altitude": null, "Photo Orientation": null, "Device Type": null }, "geometry": { "type": "Point", "coordinates": [ -40.064855309543198, -18.092496943054101, 0.0 ] } },
{ "type": "Feature", "properties": { "Name": "VITORIO ORLETI - 6165", "description": null, "timestamp": "2021-07-26T14:36:33-03:00", "begin": null, "end": null, "altitudeMode": null, "tessellate": -1, "extrude": 0, "visibility": -1, "drawOrder": null, "icon": null, "pdfmaps_photos": null, "Photo Name": null, "Photo Date": null, "Photo Timestamp": null, "Photo Location": null, "Photo Altitude": null, "Photo Orientation": null, "Device Type": null }, "geometry": { "type": "Point", "coordinates": [ -40.2383154131075, -18.3506816282435, 0.0 ] } },
{ "type": "Feature", "properties": { "Name": "YPUERA - 5491", "description": null, "timestamp": "2021-07-22T13:06:52-03:00", "begin": null, "end": null, "altitudeMode": null, "tessellate": -1, "extrude": 0, "visibility": -1, "drawOrder": null, "icon": null, "pdfmaps_photos": null, "Photo Name": null, "Photo Date": null, "Photo Timestamp": null, "Photo Location": null, "Photo Altitude": null, "Photo Orientation": null, "Device Type": null }, "geometry": { "type": "Point", "coordinates": [ -40.064965361292998, -18.240145157461601, 0.0 ] } },
{ "type": "Feature", "properties": { "Name": "YPUERA II - 6491", "description": null, "timestamp": "2021-07-22T13:07:31-03:00", "begin": null, "end": null, "altitudeMode": null, "tessellate": -1, "extrude": 0, "visibility": -1, "drawOrder": null, "icon": null, "pdfmaps_photos": null, "Photo Name": null, "Photo Date": null, "Photo Timestamp": null, "Photo Location": null, "Photo Altitude": null, "Photo Orientation": null, "Device Type": null }, "geometry": { "type": "Point", "coordinates": [ -40.084094195866498, -18.2305403157707, 0.0 ] } },
{ "type": "Feature", "properties": { "Name": "ZE MATIAS - 922", "description": "Northing:7958836.89246155\nEasting:398433.264931472\nDescription:", "timestamp": "2021-06-12T14:52:15-03:00", "begin": null, "end": null, "altitudeMode": null, "tessellate": -1, "extrude": 0, "visibility": -1, "drawOrder": null, "icon": null, "pdfmaps_photos": null, "Photo Name": null, "Photo Date": null, "Photo Timestamp": null, "Photo Location": null, "Photo Altitude": null, "Photo Orientation": null, "Device Type": null }, "geometry": { "type": "Point", "coordinates": [ -39.961899430185198, -18.458316933840202, 0.0 ] } },
{ "type": "Feature", "properties": { "Name": "ZE MATIAS II - 8222", "description": "Northing:7960794.4291536\nEasting:398968.044402933\nDescription:", "timestamp": "2021-06-10T15:27:47-03:00", "begin": null, "end": null, "altitudeMode": null, "tessellate": -1, "extrude": 0, "visibility": -1, "drawOrder": null, "icon": null, "pdfmaps_photos": null, "Photo Name": null, "Photo Date": null, "Photo Timestamp": null, "Photo Location": null, "Photo Altitude": null, "Photo Orientation": null, "Device Type": null }, "geometry": { "type": "Point", "coordinates": [ -39.956737293469999, -18.440652396830099, 0.0 ] } },
{ "type": "Feature", "properties": { "Name": "ZILDI - 2925", "description": null, "timestamp": "2021-07-23T12:43:06-03:00", "begin": null, "end": null, "altitudeMode": null, "tessellate": -1, "extrude": 0, "visibility": -1, "drawOrder": null, "icon": null, "pdfmaps_photos": null, "Photo Name": null, "Photo Date": null, "Photo Timestamp": null, "Photo Location": null, "Photo Altitude": null, "Photo Orientation": null, "Device Type": null }, "geometry": { "type": "Point", "coordinates": [ -40.0343151722954, -18.511637614909802, 0.0 ] } }
]
}
